"variable","mean","sd","p05","median","p95"
"cf_margin",5.83,10.17,-3.61,4.36,21.13
"current_ratio",2.12,2.65,0.56,1.52,5.22
"ebitda_margin",8.01,10.14,-2.55,6.23,25.11
"firm_age",24.12,15.9,6,21,49.05
"icover",21.13,64.83,-7.1,4.14,96.87
"liquidity_ratio",1.38,1.93,0.21,1,3.52
"ln_assets",14.45,1.68,12.06,14.3,17.54
"rev_per_emp",306.35,566.79,40.82,155.8,1019.73
"roa_pbt",4.08,8.6,-6.56,2.68,18.44
"solvency_asset",35.39,23.82,3.42,33.19,77.2
"stock_turnover",32.87,74.52,1.13,7.86,152.41
"wc_gap",16.25,73.82,-85.7,7.49,133.79
