"tag","impTotal","maxDec","n","level","leaves","depth","r2_vs_y","cor2_vs_y","fid_vs_ens","r2_within","r2_between","n_vars","minutes"
"pooled (published)",0.05,1e-07,5,6,14,6,0.279581138649655,0.27958113960391,0.371548348262832,-0.119875999787804,0.356188313767327,8,0.08
"matched (published)",0.02,1e-08,2,7,18,7,0.282267747335095,0.282267747834461,0.375212055128278,-0.119216288570952,0.359263637221843,10,0.09
"budget sweep",1e-04,1e-08,2,8,24,8,0.342642603782901,0.342642606862509,0.456101268139919,-0.0809076587977509,0.423870315130299,10,0.09
"budget sweep",1e-04,1e-08,5,8,24,8,0.342642603782901,0.342642606862509,0.456101268139919,-0.0809076587977509,0.423870315130299,10,0.09
"budget sweep",1e-04,1e-08,10,8,23,8,0.342584174247212,0.342584177326825,0.45602341944578,-0.0804123524126286,0.423705691110715,10,0.09
"budget sweep",1e-04,1e-08,15,8,23,8,0.342584174247212,0.342584177326825,0.45602341944578,-0.0804123524126286,0.423705691110715,10,0.09
"budget sweep",1e-04,1e-08,20,8,22,8,0.342476356638583,0.342476359718205,0.455936951966123,-0.0797470255070329,0.423449601230812,10,0.09
"budget sweep",1e-04,1e-08,25,8,22,8,0.342476356638583,0.342476359718205,0.455936951966123,-0.0797470255070329,0.423449601230812,10,0.09
"budget sweep",1e-04,1e-08,30,8,20,8,0.342262639361256,0.342262642440896,0.455853397080718,-0.0811951674829392,0.42347261971298,9,0.09
"budget sweep",1e-04,1e-08,40,8,18,8,0.340989407588889,0.340989410668633,0.455025538251601,-0.0781103320824426,0.421363605617654,7,0.09
"budget sweep",1e-04,1e-08,50,8,17,8,0.340221477803656,0.340221480883463,0.454235830767531,-0.0774398393525568,0.420319817736756,6,0.09
"budget sweep",1e-04,1e-08,2,10,35,10,0.406247907290669,0.406247908376487,0.540196831489637,-0.086306982669609,0.500709202582205,11,0.1
"budget sweep",1e-04,1e-08,5,10,35,10,0.406247907290669,0.406247908376487,0.540196831489637,-0.086306982669609,0.500709202582205,11,0.1
"budget sweep",1e-04,1e-08,10,10,34,10,0.40618947775498,0.406189478840802,0.540118982855598,-0.0857518390921357,0.500533103092961,11,0.1
"budget sweep",1e-04,1e-08,15,10,33,10,0.406055480156899,0.40605548124273,0.540027044695335,-0.0857512139381529,0.500373287784417,11,0.1
"budget sweep",1e-04,1e-08,20,10,32,10,0.40594766254827,0.405947663634108,0.539940551417109,-0.0850670658529873,0.50011358841238,11,0.1
"budget sweep",1e-04,1e-08,25,10,32,10,0.40594766254827,0.405947663634108,0.539940551417109,-0.0850670658529873,0.50011358841238,11,0.1
"budget sweep",1e-04,1e-08,30,10,30,10,0.405733945270943,0.405733946356795,0.539856901128083,-0.0866809414013614,0.50016839098247,10,0.1
"budget sweep",1e-04,1e-08,40,10,28,10,0.404460713498576,0.404460714584514,0.539028549359669,-0.0838689148387743,0.498111695677843,9,0.1
"budget sweep",1e-04,1e-08,50,10,27,10,0.403692783713342,0.403692784799333,0.538238686125458,-0.082357393148466,0.496906616768068,8,0.1
"budget sweep",1e-04,1e-08,2,11,41,11,0.419306689975094,0.419306691219116,0.556309271361459,-0.0809635789618037,0.515247626838864,11,0.1
"budget sweep",1e-04,1e-08,5,11,41,11,0.419306689975094,0.419306691219116,0.556309271361459,-0.0809635789618037,0.515247626838864,11,0.1
"budget sweep",1e-04,1e-08,10,11,40,11,0.419248260439405,0.41924826168343,0.556231422999085,-0.0804828350438727,0.515085795583176,11,0.1
"budget sweep",1e-04,1e-08,15,11,38,11,0.418787686879563,0.418787688123611,0.555780624507014,-0.081607681830888,0.51475261515402,11,0.1
"budget sweep",1e-04,1e-08,20,11,37,11,0.418679869270934,0.418679870514987,0.555694071131141,-0.0807875897943084,0.514466844694275,11,0.1
"budget sweep",1e-04,1e-08,25,11,37,11,0.418679869270934,0.418679870514987,0.555694071131141,-0.0807875897943084,0.514466844694275,11,0.1
"budget sweep",1e-04,1e-08,30,11,35,11,0.418466151993608,0.418466153237671,0.55561020788625,-0.0823545648194512,0.514512652765956,10,0.1
"budget sweep",1e-04,1e-08,40,11,33,11,0.41719292022124,0.417192921465365,0.554780922201865,-0.0793829212509292,0.51242534639759,10,0.1
"budget sweep",1e-04,1e-08,50,11,32,11,0.416424990436007,0.416424991680169,0.553990803754463,-0.0778983175517585,0.511225429771983,9,0.11
"budget sweep",1e-04,1e-08,2,12,45,12,0.421374780801289,0.4213747816536,0.558728088463119,-0.0835253136284211,0.518203617312276,11,0.11
"budget sweep",1e-04,1e-08,5,12,45,12,0.421374780801289,0.4213747816536,0.558728088463119,-0.0835253136284211,0.518203617312276,11,0.11
"budget sweep",1e-04,1e-08,10,12,44,12,0.4213163512656,0.421316352117916,0.558650240203729,-0.0830479049153243,0.518042425676203,11,0.11
"budget sweep",1e-04,1e-08,15,12,42,12,0.420855777705759,0.420855778558113,0.558199394717975,-0.0841712602413387,0.517708959217326,11,0.11
"budget sweep",1e-04,1e-08,20,12,41,12,0.42074796009713,0.420747960949493,0.558112824728482,-0.083350649892521,0.517423089356586,11,0.1
"budget sweep",1e-04,1e-08,25,12,41,12,0.42074796009713,0.420747960949493,0.558112824728482,-0.083350649892521,0.517423089356586,11,0.11
"budget sweep",1e-04,1e-08,30,12,39,12,0.420534242819803,0.420534243672184,0.558028902613063,-0.0849162156286569,0.517468627157343,11,0.11
"budget sweep",1e-04,1e-08,40,12,37,12,0.419261011047436,0.419261011899923,0.557199360524826,-0.0819477249404981,0.515381925442731,11,0.11
"budget sweep",1e-04,1e-08,50,12,36,12,0.418493081262203,0.418493082114755,0.556409172682397,-0.0803898275718957,0.51416795268837,10,0.11
"budget sweep",1e-04,1e-08,2,13,50,13,0.431932628451927,0.431932630686191,0.571936677391657,-0.0803542590866808,0.5301780909255,11,0.11
"budget sweep",1e-04,1e-08,5,13,50,13,0.431932628451927,0.431932630686191,0.571936677391657,-0.0803542590866808,0.5301780909255,11,0.11
"budget sweep",1e-04,1e-08,10,13,49,13,0.431874198916238,0.431874201150502,0.571858829422475,-0.0799232406462465,0.530025795932896,11,0.11
"budget sweep",1e-04,1e-08,15,13,47,13,0.431413625356397,0.431413627590662,0.571407875150796,-0.0811341454661245,0.529709119559268,11,0.11
"budget sweep",1e-04,1e-08,20,13,46,13,0.431305807747768,0.431305809982034,0.571321266584359,-0.0803589447234321,0.529431958271524,11,0.11
"budget sweep",1e-04,1e-08,25,13,46,13,0.431305807747768,0.431305809982034,0.571321266584359,-0.0803589447234321,0.529431958271524,11,0.11
"budget sweep",1e-04,1e-08,30,13,44,13,0.431092090470442,0.431092092704706,0.571237207327949,-0.0818831420186268,0.529469562506713,11,0.12
"budget sweep",1e-04,1e-08,40,13,42,13,0.429818858698074,0.429818860932342,0.57040706300944,-0.0789308615751898,0.527385969563823,11,0.11
"budget sweep",1e-04,1e-08,50,13,41,13,0.429050928912841,0.429050931147113,0.569616711150175,-0.0776037518382149,0.526216256848425,10,0.11
"budget sweep",1e-04,1e-08,2,14,56,14,0.437565104510076,0.437565106629947,0.577606700066305,-0.0886069791164086,0.538473445039617,11,0.12
"budget sweep",1e-04,1e-08,5,14,56,14,0.437565104510076,0.437565106629947,0.577606700066305,-0.0886069791164086,0.538473445039617,11,0.12
"budget sweep",1e-04,1e-08,10,14,55,14,0.437506674974387,0.437506677094258,0.57752885302253,-0.0881741787969506,0.538320808321442,11,0.11
"budget sweep",1e-04,1e-08,15,14,52,14,0.43632664575381,0.436326647873682,0.576334386143429,-0.0892315002390549,0.537117246422714,11,0.12
"budget sweep",1e-04,1e-08,20,14,51,14,0.436218828145181,0.436218830265053,0.576247700840646,-0.0884562994963629,0.53684008513497,11,0.11
"budget sweep",1e-04,1e-08,25,14,51,14,0.436218828145181,0.436218830265053,0.576247700840646,-0.0884562994963629,0.53684008513497,11,0.11
"budget sweep",1e-04,1e-08,30,14,49,14,0.436005110867854,0.436005112987727,0.57616336902621,-0.0899993219314994,0.536881299621807,11,0.11
"budget sweep",1e-04,1e-08,40,14,47,14,0.434731879095487,0.434731881215359,0.575332044653032,-0.0870416914654955,0.534796680661163,11,0.11
"budget sweep",1e-04,1e-08,50,14,46,14,0.433963949310254,0.433963951430126,0.574541377266788,-0.0856207984190975,0.533608982350525,10,0.11
"budget sweep",1e-04,1e-08,2,15,62,15,0.444814122152874,0.444814123238963,0.584691120134299,-0.104044129125319,0.550073175314168,11,0.12
"budget sweep",1e-04,1e-08,5,15,62,15,0.444814122152874,0.444814123238963,0.584691120134299,-0.104044129125319,0.550073175314168,11,0.11
"budget sweep",1e-04,1e-08,10,15,61,15,0.444755692617186,0.444755693703278,0.584613274964178,-0.103651177386093,0.549928180685394,11,0.12
"budget sweep",1e-04,1e-08,15,15,58,15,0.443575663396608,0.443575664482766,0.583418039945801,-0.104607738998948,0.54870529524694,11,0.12
"budget sweep",1e-04,1e-08,20,15,57,15,0.443467845787979,0.443467846874144,0.583331236183719,-0.103832538256256,0.548428133959196,11,0.12
"budget sweep",1e-04,1e-08,25,15,57,15,0.443467845787979,0.443467846874144,0.583331236183719,-0.103832538256256,0.548428133959196,11,0.12
"budget sweep",1e-04,1e-08,30,15,55,15,0.443254128510653,0.44325412959683,0.583246481979834,-0.105345811179576,0.548463643137897,11,0.12
"budget sweep",1e-04,1e-08,40,15,53,15,0.441980896738285,0.441980897824535,0.582413333064164,-0.102631193156211,0.546425628668592,11,0.12
"budget sweep",1e-04,1e-08,50,15,52,15,0.441212966953051,0.441212968039345,0.581622182386622,-0.101231534088928,0.545242002572467,10,0.11
"budget sweep",1e-04,1e-08,2,16,67,16,0.450101490516217,0.450101491602019,0.590948216414264,-0.10165180497916,0.555915750076346,11,0.12
"budget sweep",1e-04,1e-08,5,16,67,16,0.450101490516217,0.450101491602019,0.590948216414264,-0.10165180497916,0.555915750076346,11,0.12
"budget sweep",1e-04,1e-08,10,16,66,16,0.450043060980528,0.450043062066334,0.590870371881412,-0.10124582355228,0.555768256637392,11,0.12
"budget sweep",1e-04,1e-08,15,16,63,16,0.448863031759951,0.44886303284582,0.589674927801759,-0.102388431757388,0.55458105088144,11,0.12
"budget sweep",1e-04,1e-08,20,16,62,16,0.448755214151322,0.448755215237197,0.589588091575941,-0.101613231014696,0.554303889593696,11,0.12
"budget sweep",1e-04,1e-08,25,16,62,16,0.448755214151322,0.448755215237197,0.589588091575941,-0.101613231014696,0.554303889593696,11,0.12
"budget sweep",1e-04,1e-08,30,16,60,16,0.448541496873996,0.448541497959883,0.589503221103975,-0.103129843878285,0.554340039300165,11,0.12
"budget sweep",1e-04,1e-08,40,16,58,16,0.447268265101628,0.447268266187586,0.588669568057597,-0.100493987888444,0.552317129672694,11,0.12
"budget sweep",1e-04,1e-08,50,16,56,16,0.446387515843956,0.446387516929961,0.587781358735536,-0.0989390502095655,0.550969268733378,11,0.12
"impurity ladder",0.05,1e-08,2,10,35,10,0.406247907290669,0.406247908376487,0.540196831489637,-0.086306982669609,0.500709202582205,11,0.1
"impurity ladder",0.02,1e-08,2,10,35,10,0.406247907290669,0.406247908376487,0.540196831489637,-0.086306982669609,0.500709202582205,11,0.1
"impurity ladder",0.01,1e-08,2,10,35,10,0.406247907290669,0.406247908376487,0.540196831489637,-0.086306982669609,0.500709202582205,11,0.1
"impurity ladder",0.005,1e-08,2,10,35,10,0.406247907290669,0.406247908376487,0.540196831489637,-0.086306982669609,0.500709202582205,11,0.1
"impurity ladder",0.001,1e-08,2,10,35,10,0.406247907290669,0.406247908376487,0.540196831489637,-0.086306982669609,0.500709202582205,11,0.1
"impurity ladder",1e-04,1e-08,2,10,35,10,0.406247907290669,0.406247908376487,0.540196831489637,-0.086306982669609,0.500709202582205,11,0.1
"impurity ladder",1e-05,1e-08,2,10,35,10,0.406247907290669,0.406247908376487,0.540196831489637,-0.086306982669609,0.500709202582205,11,0.1
"impurity ladder",1e-06,1e-08,2,10,35,10,0.406247907290669,0.406247908376487,0.540196831489637,-0.086306982669609,0.500709202582205,11,0.1
