"feature","kind","thr","nL","pL","delta","B","W","pR","delta_B","delta_W","recon"
"current_ratio_bw","between",2.0845,5590,0.69875,143.366907054569,-26.0975669133523,-3.04256109366852e-16,0.30125,143.366907054562,1.94862150649184e-32,143.366907054562
"current_ratio_bw","between",2.0815,5570,0.69625,142.312200014342,-25.940618030158,-3.2180759835413e-16,0.30375,142.312200014335,2.19015112564797e-32,142.312200014335
"current_ratio_bw","between",2.076,5550,0.69375,142.213602936035,-25.8720607832317,-3.07862660616336e-16,0.30625,142.213602936029,2.01369239618681e-32,142.213602936029
"current_ratio_bw","between",2.071,5540,0.6925,142.134266529897,-25.8355045493229,-3.17628515071298e-16,0.3075,142.13426652989,2.14834421310135e-32,142.13426652989
"current_ratio_bw","between",2.099,5630,0.70375,142.051096280898,-26.1026086066948,-2.77223016247612e-16,0.29625,142.05109628089,1.60226865140549e-32,142.05109628089
"current_ratio_bw","between",2.088,5600,0.7,141.987957876384,-26.0025601190469,-3.1762952056895e-16,0.3,141.987957876376,2.11865875907408e-32,141.987957876376
"current_ratio_bw","between",2.095,5620,0.7025,141.917688952137,-26.0586321809854,-2.9996042134506e-16,0.2975,141.917688952128,1.88044748124729e-32,141.917688952128
"current_ratio_bw","between",2.069,5530,0.69125,141.127870186678,-25.714929526835,-3.20592412839493e-16,0.30875,141.12787018667,2.1935553163749e-32,141.12787018667
"current_ratio_bw","between",2.0915,5610,0.70125,140.775328314055,-25.9222610774237,-2.97155131096414e-16,0.29875,140.775328314046,1.84989575502051e-32,140.775328314046
"current_ratio_bw","between",2.113,5670,0.70875,139.496342981499,-25.9957234522476,-2.58328815475573e-16,0.29125,139.49634298149,1.37754156260908e-32,139.49634298149
"current_ratio_bw","between",2.104,5660,0.7075,139.349144970748,-25.9493209054385,-2.83468160672376e-16,0.2925,139.34914497074,1.66287990861569e-32,139.34914497074
"current_ratio_bw","between",2.0645,5510,0.68875,139.179081760799,-25.4801216699824,-3.11475825310824e-16,0.31125,139.179081760791,2.0797908463953e-32,139.179081760791
"current_ratio_bw","between",2.066,5520,0.69,139.099916447785,-25.5010487961658,-3.16281207239638e-16,0.31,139.099916447778,2.13972302591287e-32,139.099916447778
"current_ratio_bw","between",2.1025,5650,0.70625,138.837343193062,-25.8693179815469,-2.65674216658333e-16,0.29375,138.837343193053,1.46431716596706e-32,138.837343193053
"current_ratio_bw","between",1.9755,5260,0.6575,138.704282652489,-24.8179993477832,-3.07232676078224e-16,0.3425,138.70428265248,2.12564698152592e-32,138.70428265248
"current_ratio_bw","between",2.0455,5450,0.68125,138.591675067223,-25.263308041014,-2.89304268415077e-16,0.31875,138.591675067216,1.81746640273896e-32,138.591675067216
"current_ratio_bw","between",1.9715,5250,0.65625,138.591228846553,-24.7863090909085,-3.18544613486216e-16,0.34375,138.591228846545,2.28903563969045e-32,138.591228846545
"current_ratio_bw","between",2.0605,5480,0.685,138.411566508079,-25.3271095759466,-3.21909365369706e-16,0.315,138.411566508072,2.23598223658586e-32,138.411566508072
"current_ratio_bw","between",1.9705,5240,0.655,138.052486377774,-24.7167815300359,-3.24908813207261e-16,0.345,138.052486377766,2.38552173959212e-32,138.052486377766
"current_ratio_bw","between",2.1465,5720,0.715,138.031902567971,-26.0264111458709,-2.20088672814417e-16,0.285,138.031902567963,9.87066209546937e-33,138.031902567963
"current_ratio_bw","between",2.129,5690,0.71125,137.895798335797,-25.912145915595,-2.42275076564493e-16,0.28875,137.895798335789,1.20548483488646e-32,137.895798335789
"current_ratio_bw","between",2.0615,5490,0.68625,137.807482359418,-25.2989998984021,-3.18441989654036e-16,0.31375,137.80748235941,2.18336703772962e-32,137.80748235941
"current_ratio_bw","between",2.1215,5680,0.71,137.737289438039,-25.8641132224373,-2.4600687360611e-16,0.29,137.737289438031,1.24609407252731e-32,137.737289438031
"current_ratio_bw","between",2.1395,5710,0.71375,137.596019114952,-25.9511809741577,-2.17375791024796e-16,0.28625,137.596019114944,9.65414833449797e-33,137.596019114944
"current_ratio_bw","between",2.137,5700,0.7125,137.537665908823,-25.9119123569785,-2.3852773303434e-16,0.2875,137.537665908814,1.16546833637724e-32,137.537665908814
"current_ratio_bw","between",1.98,5270,0.65875,137.40879110577,-24.7235377595199,-3.2749337497472e-16,0.34125,137.408791105761,2.4110061933534e-32,137.408791105761
"current_ratio_bw","between",2.1525,5730,0.71625,137.176876950249,-25.9800631885655,-2.18449104414594e-16,0.28375,137.176876950241,9.69842121771335e-33,137.176876950241
"current_ratio_bw","between",2.039,5440,0.68,137.135286920442,-25.1041293658082,-2.95882599467197e-16,0.32,137.135286920435,1.90501211564405e-32,137.135286920435
"current_ratio_bw","between",2.063,5500,0.6875,137.002946567444,-25.2524541818176,-3.06696082671723e-16,0.3125,137.002946567437,2.02087374685153e-32,137.002946567437
"current_ratio_bw","between",1.969,5220,0.6525,136.661701407793,-24.5502404007822,-3.12124488228475e-16,0.3475,136.661701407784,2.20897607168395e-32,136.661701407784
"current_ratio_bw","between",2.052,5460,0.6825,136.519935219038,-25.1000648813124,-3.14468085975912e-16,0.3175,136.519935219031,2.14288833133897e-32,136.519935219031
"current_ratio_bw","between",2.0585,5470,0.68375,136.117787093041,-25.0895864687727,-3.1920538492345e-16,0.31625,136.117787093034,2.20327289591491e-32,136.117787093034
"current_ratio_bw","between",2.033,5430,0.67875,135.78139559815,-24.954199604445,-3.02438018798964e-16,0.32125,135.781395598143,1.994461915471e-32,135.781395598143
"current_ratio_bw","between",2.154,5740,0.7175,135.774746038397,-25.8814927230111,-2.2775884214468e-16,0.2825,135.774746038388,1.05145538654262e-32,135.774746038388
"current_ratio_bw","between",2.0295,5420,0.6775,135.750538453216,-24.925924268428,-2.95759679035816e-16,0.3225,135.750538453208,1.91124759107527e-32,135.750538453208
"current_ratio_bw","between",2.1565,5750,0.71875,135.607355602251,-25.9003974879218,-2.43712725792112e-16,0.28125,135.607355602242,1.20067869058548e-32,135.607355602242
"current_ratio_bw","between",1.9125,5100,0.6375,135.032899562941,-24.1727297498304,-2.7878833641757e-16,0.3625,135.032899562934,1.7961284861991e-32,135.032899562934
"current_ratio_bw","between",2.014,5380,0.6725,134.929451283645,-24.7515032634291,-3.1774703315859e-16,0.3275,134.929451283638,2.22365087322524e-32,134.929451283638
"current_ratio_bw","between",1.915,5110,0.63875,134.811980350303,-24.1710134345432,-2.71473620350843e-16,0.36125,134.811980350295,1.70056813975701e-32,134.811980350295
"current_ratio_bw","between",2.1585,5780,0.7225,134.533215857319,-25.9038515383886,-2.47822793698428e-16,0.2775,134.533215857308,1.23135516329803e-32,134.533215857308
"current_ratio_bw","between",1.9825,5290,0.66125,134.455653708464,-24.5000538996498,-3.42471497518926e-16,0.33875,134.455653708455,2.62720435007693e-32,134.455653708455
"current_ratio_bw","between",1.921,5120,0.64,134.3362686596,-24.1465674913189,-2.75705384448581e-16,0.36,134.336268659593,1.75135009568117e-32,134.336268659593
"current_ratio_bw","between",2.0185,5390,0.67375,134.186437191088,-24.7075487954842,-3.06215387093508e-16,0.32625,134.186437191081,2.06112019377681e-32,134.186437191081
"current_ratio_bw","between",1.9675,5210,0.65125,134.130447415429,-24.3014792548098,-3.08704004509233e-16,0.34875,134.13044741542,2.16444462317296e-32,134.13044741542
"current_ratio_bw","between",2.025,5410,0.67625,134.04394802895,-24.7437248553008,-2.9925462260943e-16,0.32375,134.043948028942,1.96064420743828e-32,134.043948028942
"current_ratio_bw","between",1.9095,5090,0.63625,133.984997156277,-24.0609453682506,-2.7840971621e-16,0.36375,133.984997156269,1.79390554629674e-32,133.984997156269
"current_ratio_bw","between",1.93,5130,0.64125,133.818511250208,-24.1183977491147,-2.72232105884573e-16,0.35875,133.8185112502,1.70489631976998e-32,133.8185112502
"current_ratio_bw","between",1.988,5300,0.6625,133.643310436141,-24.4480250873508,-3.27167441364312e-16,0.3375,133.643310436133,2.39331473655896e-32,133.643310436133
"current_ratio_bw","between",1.935,5150,0.64375,133.598721969155,-24.1359887242371,-2.84628582176904e-16,0.35625,133.598721969147,1.85792908714467e-32,133.598721969147
"current_ratio_bw","between",1.942,5160,0.645,133.571395558137,-24.1525337646025,-2.88922238634627e-16,0.355,133.571395558129,1.91139308333812e-32,133.571395558129
"current_ratio_bw","between",1.9065,5070,0.63375,133.476693001359,-23.9803168002901,-2.8005861772381e-16,0.36625,133.47669300135,1.82051175538453e-32,133.47669300135
"current_ratio_bw","between",2.022,5400,0.675,133.464983501773,-24.6655101139595,-2.9869111299545e-16,0.325,133.464983501765,1.95718435780272e-32,133.464983501765
"current_ratio_bw","between",2.01,5370,0.67125,133.189556207523,-24.5674485842337,-3.14144904189565e-16,0.32875,133.189556207516,2.17776041228086e-32,133.189556207516
"current_ratio_bw","between",1.962,5200,0.65,133.046822130963,-24.183076648351,-3.14083313691759e-16,0.35,133.046822130954,2.2442494606258e-32,133.046822130954
"current_ratio_bw","between",1.88,4940,0.6175,133.007603825642,-23.7303440104782,-3.35341350153456e-16,0.3825,133.007603825634,2.65608897128099e-32,133.007603825634
"current_ratio_bw","between",2.1695,5820,0.7275,132.95343214854,-25.8970338440672,-2.54958925156959e-16,0.2725,132.953432148529,1.28866473344488e-32,132.953432148529
"current_ratio_bw","between",2.1595,5790,0.72375,132.937884959504,-25.7857014903201,-2.44033023143735e-16,0.27625,132.937884959493,1.19066082194782e-32,132.937884959493
"current_ratio_bw","between",2.175,5840,0.73,132.932586410903,-25.9700278411963,-2.56359565178793e-16,0.27,132.932586410892,1.29534566744219e-32,132.932586410892
"current_ratio_bw","between",1.6925,4400,0.55,132.641203619031,-23.1500335858583,-1.17167779406905e-16,0.45,132.641203619026,3.39775141145845e-33,132.641203619026
"current_ratio_bw","between",1.9565,5190,0.64875,132.370007334825,-24.101714884221,-3.05807334769535e-16,0.35125,132.370007334817,2.13102968399153e-32,132.370007334817
"current_ratio_bw","between",1.95,5170,0.64625,132.256745687154,-24.0525105494454,-3.08773897262427e-16,0.35375,132.256745687145,2.1796068463245e-32,132.256745687145
"current_ratio_bw","between",1.9925,5310,0.66375,132.208470096243,-24.3386354777051,-3.07832707573158e-16,0.33625,132.208470096235,2.11493172339036e-32,132.208470096235
"current_ratio_bw","between",2.2825,6050,0.75625,132.168270264192,-26.7767952108488,-3.68386068512537e-16,0.24375,132.168270264183,2.50159158727496e-32,132.168270264183
"current_ratio_bw","between",1.8835,4950,0.61875,132.04674367649,-23.6592686537501,-3.18785310195134e-16,0.38125,132.046743676481,2.39729602680898e-32,132.046743676481
"current_ratio_bw","between",2.1615,5800,0.725,132.001054423128,-25.7308036050147,-2.66954692416451e-16,0.275,132.001054423117,1.42084210557555e-32,132.001054423117
"current_ratio_bw","between",2.18,5850,0.73125,131.918468248637,-25.9087000993828,-2.70630489020772e-16,0.26875,131.918468248626,1.43935458846612e-32,131.918468248626
"current_ratio_bw","between",1.6835,4360,0.545,131.789204009557,-23.053452137312,-1.47513371167858e-16,0.455,131.789204009553,5.39598427411313e-33,131.789204009553
"current_ratio_bw","between",1.6935,4410,0.55125,131.769924421131,-23.0797774303776,-1.06425002009103e-16,0.44875,131.769924421126,2.8018210780821e-33,131.769924421126
"current_ratio_bw","between",1.9945,5320,0.665,131.76941993332,-24.32058913141,-3.24313201887585e-16,0.335,131.769419933313,2.34312635139361e-32,131.769419933313
"current_ratio_bw","between",1.679,4350,0.54375,131.746318288592,-23.0445467170522,-1.6000916716802e-16,0.45625,131.746318288587,6.35172777939958e-33,131.746318288587
"current_ratio_bw","between",1.954,5180,0.6475,131.616884452068,-24.0135493441763,-3.13127947587699e-16,0.3525,131.616884452059,2.23790969067334e-32,131.616884452059
"current_ratio_bw","between",2.264,6020,0.7525,131.579878219205,-26.579933269572,-3.95735511730008e-16,0.2475,131.579878219196,2.9166999573014e-32,131.579878219196
"current_ratio_bw","between",1.8785,4910,0.61375,131.551651284102,-23.5569008034585,-3.24846431762191e-16,0.38625,131.551651284094,2.50159038443174e-32,131.551651284094
"current_ratio_bw","between",2.2855,6060,0.7575,131.439726092386,-26.7495285801766,-3.4666488242768e-16,0.2425,131.439726092376,2.20756794247899e-32,131.439726092376
"current_ratio_bw","between",1.6875,4370,0.54625,131.402642006823,-23.0249133586749,-1.40383152608616e-16,0.45375,131.402642006819,4.8847019605909e-33,131.402642006819
"current_ratio_bw","between",1.997,5330,0.66625,131.374772932785,-24.3067414254689,-3.12899232718129e-16,0.33375,131.374772932777,2.17704543450519e-32,131.374772932777
"current_ratio_bw","between",1.7355,4540,0.5675,131.353678983451,-23.1337017264644,-1.1408742380727e-16,0.4325,131.353678983444,3.19468118988527e-33,131.353678983444
"current_ratio_bw","between",2.0075,5360,0.67,131.310519904264,-24.3699921415642,-3.10561165205865e-16,0.33,131.310519904256,2.13247052745528e-32,131.310519904256
"current_ratio_bw","between",2.004,5350,0.66875,131.28841727875,-24.3446404866859,-3.26040258683642e-16,0.33125,131.288417278741,2.35484398965639e-32,131.288417278741
"current_ratio_bw","between",1.8775,4900,0.6125,131.252266334901,-23.5160570770238,-3.05781294513744e-16,0.3875,131.252266334892,2.21921627989324e-32,131.252266334892
"current_ratio_bw","between",2.4035,6200,0.775,131.232310289647,-27.4333141577052,-3.72207243123078e-16,0.225,131.232310289639,2.41576041759285e-32,131.232310289639
"current_ratio_bw","between",2.192,5880,0.735,131.201795559246,-25.9539391926572,-3.2310040779285e-16,0.265,131.201795559235,2.03333167140606e-32,131.201795559235
"current_ratio_bw","between",1.666,4300,0.5375,131.181196139203,-22.9715706473914,-1.66091039238957e-16,0.4625,131.181196139199,6.85776518826933e-33,131.181196139199
"current_ratio_bw","between",1.9995,5340,0.6675,131.170699465181,-24.3106716369569,-3.11451464432819e-16,0.3325,131.170699465174,2.15289908994844e-32,131.170699465174
"current_ratio_bw","between",2.187,5870,0.73375,131.078155763637,-25.9027751597594,-3.0966867588281e-16,0.26625,131.078155763627,1.87340763097346e-32,131.078155763627
"current_ratio_bw","between",2.3845,6170,0.77125,131.058369069181,-27.2555054069123,-3.45363125658705e-16,0.22875,131.058369069172,2.10430269867727e-32,131.058369069172
"current_ratio_bw","between",1.624,4150,0.51875,131.03598017997,-22.9103041464557,-1.50736010193013e-16,0.48125,131.035980179965,5.67234821945668e-33,131.035980179965
"current_ratio_bw","between",1.6765,4340,0.5425,131.0240340081,-22.976298393392,-1.64444184558515e-16,0.4575,131.024034008096,6.71162804526408e-33,131.024034008096
"current_ratio_bw","between",2.1945,5890,0.73625,130.95494196923,-25.968810555282,-3.24040510743369e-16,0.26375,130.954941969221,2.03899608612911e-32,130.954941969221
"current_ratio_bw","between",2.2565,6010,0.75125,130.901282350331,-26.4666005819439,-3.9682004824141e-16,0.24875,130.901282350322,2.94262408686446e-32,130.901282350322
"current_ratio_bw","between",1.8755,4890,0.61125,130.89929283825,-23.4705903313404,-3.00781894278815e-16,0.38875,130.899292838242,2.14977324919233e-32,130.899292838242
"current_ratio_bw","between",1.695,4420,0.5525,130.826190547769,-23.0030109835938,-1.01060914147329e-16,0.4475,130.826190547764,2.52517666088336e-33,130.826190547764
"current_ratio_bw","between",1.6965,4430,0.55375,130.823697103206,-23.0089724946409,-9.38952813112173e-17,0.44625,130.823697103201,2.17861005249801e-33,130.823697103201
"current_ratio_bw","between",2.351,6140,0.7675,130.823272539374,-27.0764568841711,-3.24162880622156e-16,0.2325,130.823272539364,1.87511499729349e-32,130.823272539364
"current_ratio_bw","between",1.69,4380,0.5475,130.818889190021,-22.9791455006431,-1.26077911450053e-16,0.4525,130.818889190017,3.93804540170328e-33,130.818889190017
"current_ratio_bw","between",2.164,5810,0.72625,130.747957163681,-25.644682078607,-2.54270643335492e-16,0.27375,130.747957163671,1.28538348886875e-32,130.747957163671
"current_ratio_bw","between",1.8625,4840,0.605,130.746680144267,-23.3904781619413,-2.74156213533548e-16,0.395,130.74668014426,1.79617503904181e-32,130.74668014426
"current_ratio_bw","between",2.3935,6190,0.77375,130.730986326265,-27.3271690839787,-3.65719686386684e-16,0.22625,130.730986326257,2.34145560216846e-32,130.730986326257
"current_ratio_bw","between",1.6735,4320,0.54,130.710377846239,-22.9392513083733,-1.65264116580273e-16,0.46,130.710377846235,6.78435749209801e-33,130.710377846235
"current_ratio_bw","between",1.6975,4440,0.555,130.690687439891,-23.0036008958394,-1.04704179328147e-16,0.445,130.690687439886,2.70757832255964e-33,130.690687439886
"current_ratio_bw","between",2.208,5910,0.73875,130.655294986491,-26.0187609436596,-3.4896375439742e-16,0.26125,130.655294986481,2.35025201889124e-32,130.655294986481
"current_ratio_bw","between",1.6745,4330,0.54125,130.65459882105,-22.9390462523045,-1.70666006011083e-16,0.45875,130.654598821045,7.2321601856518e-33,130.654598821045
"current_ratio_bw","between",1.648,4260,0.5325,130.648328886445,-22.9087459390925,-1.49035406741175e-16,0.4675,130.648328886441,5.52942716333837e-33,130.648328886441
"current_ratio_bw","between",2.2915,6080,0.76,130.606346717917,-26.7589904057007,-3.39299738402986e-16,0.24,130.606346717906,2.09986745964131e-32,130.606346717906
"current_ratio_bw","between",2.4155,6210,0.77625,130.5960732456,-27.4209647711827,-3.68525448634632e-16,0.22375,130.596073245593,2.35884619505327e-32,130.596073245593
"current_ratio_bw","between",1.6445,4250,0.53125,130.564531974564,-22.8977334901959,-1.61502184175119e-16,0.46875,130.564531974561,6.49526723710957e-33,130.564531974561
"current_ratio_bw","between",2.3705,6160,0.77,130.527868389324,-27.1482814088075,-3.39072518102346e-16,0.23,130.527868389314,2.03612175554643e-32,130.527868389314
"current_ratio_bw","between",1.6225,4130,0.51625,130.499566867381,-22.8593571897814,-1.70306021136286e-16,0.48375,130.499566867376,7.24337630287893e-33,130.499566867376
"current_ratio_bw","between",1.6495,4270,0.53375,130.438326334597,-22.8941351595706,-1.52622746972699e-16,0.46625,130.438326334594,5.79689273992103e-33,130.438326334594
"current_ratio_bw","between",1.6545,4280,0.535,130.289560254379,-22.8850276605364,-1.52644230064431e-16,0.465,130.289560254376,5.79652242330009e-33,130.289560254376
"current_ratio_bw","between",2.3045,6090,0.76125,130.281766456892,-26.7735818481922,-3.4047335743138e-16,0.23875,130.281766456881,2.1068661840876e-32,130.281766456881
"current_ratio_bw","between",1.9,5050,0.63125,130.231708906304,-23.6532956200699,-2.76943540539756e-16,0.36875,130.231708906297,1.78531930144398e-32,130.231708906297
"current_ratio_bw","between",2.276,6040,0.755,130.182469120394,-26.5289300243268,-3.68355764115665e-16,0.245,130.182469120385,2.50985121078646e-32,130.182469120385
"current_ratio_bw","between",2.1995,5900,0.7375,130.123766346997,-25.9258286521379,-3.29579427152001e-16,0.2625,130.123766346987,2.1028656236794e-32,130.123766346987
"current_ratio_bw","between",2.3575,6150,0.76875,130.111683177523,-27.0535780707527,-3.32835641418014e-16,0.23125,130.111683177513,1.96936639322554e-32,130.111683177513
"current_ratio_bw","between",2.2325,5960,0.745,130.079696418487,-26.1671564350563,-3.73013897701142e-16,0.255,130.079696418477,2.64330014126607e-32,130.079696418477
"current_ratio_bw","between",2.3295,6100,0.7625,130.065477783396,-26.7996603106114,-3.22043226138724e-16,0.2375,130.065477783385,1.87815659347858e-32,130.065477783385
"current_ratio_bw","between",2.3915,6180,0.7725,130.06512792343,-27.2044839254586,-3.46654593709767e-16,0.2275,130.065127923422,2.11190222812238e-32,130.065127923422
"current_ratio_bw","between",1.7,4450,0.55625,130.064943336402,-22.9549278999839,-1.04731682874973e-16,0.44375,130.064943336397,2.70747561675195e-33,130.064943336397
"current_ratio_bw","between",1.861,4830,0.60375,130.064115841533,-23.3166168923196,-2.68320828933997e-16,0.39625,130.064115841526,1.72240466424331e-32,130.064115841526
"current_ratio_bw","between",1.871,4880,0.61,130.001899656849,-23.376399905422,-3.02331603309442e-16,0.39,130.001899656841,2.17451063697625e-32,130.001899656841
"current_ratio_bw","between",1.6715,4310,0.53875,129.987240490247,-22.8711778431703,-1.72378286922277e-16,0.46125,129.987240490243,7.38395061130847e-33,129.987240490243
"current_ratio_bw","between",1.864,4850,0.60625,129.926729721865,-23.3299116674845,-2.89309840471e-16,0.39375,129.926729721858,1.99801493422342e-32,129.926729721858
"current_ratio_bw","between",1.74,4550,0.56875,129.863707852504,-23.0101071189676,-9.96502521277822e-17,0.43125,129.863707852497,2.43560760514808e-33,129.863707852497
"current_ratio_bw","between",1.747,4590,0.57375,129.85255873277,-23.0426121876573,-1.6155281044151e-16,0.42625,129.852558732763,6.38287185903642e-33,129.852558732763
"current_ratio_bw","between",2.2885,6070,0.75875,129.84425191616,-26.6335066794127,-3.28435947487816e-16,0.24125,129.84425191615,1.97454663646432e-32,129.84425191615
"current_ratio_bw","between",2.2545,6000,0.75,129.82638504623,-26.3136349999992,-4.00272407811523e-16,0.25,129.826385046222,3.00408750853564e-32,129.826385046222
"current_ratio_bw","between",1.7305,4530,0.56625,129.804952350475,-22.9890899542591,-1.12233305890207e-16,0.43375,129.804952350469,3.09379272417137e-33,129.804952350469
"current_ratio_bw","between",1.6605,4290,0.53625,129.763573974332,-22.8428761615741,-1.66953591623599e-16,0.46375,129.763573974329,6.93174791560364e-33,129.763573974329
"current_ratio_bw","between",1.894,5040,0.63,129.747896877822,-23.5927750428996,-2.76588895263973e-16,0.37,129.747896877816,1.78324802988177e-32,129.747896877816
"current_ratio_bw","between",2.3465,6120,0.765,129.738241039007,-26.8639180572927,-3.19378634078791e-16,0.235,129.738241038996,1.83375375329073e-32,129.738241038996
"current_ratio_bw","between",1.749,4600,0.575,129.671816692938,-23.0353285166236,-1.79816377758215e-16,0.425,129.671816692932,7.90160407290201e-33,129.671816692932
"current_ratio_bw","between",1.6415,4230,0.52875,129.670260392758,-22.8123128907448,-1.73943085961326e-16,0.47125,129.670260392754,7.53904065047738e-33,129.670260392754
"current_ratio_bw","between",2.213,5920,0.74,129.666177523852,-25.9603665540532,-3.50008772253968e-16,0.26,129.666177523842,2.35701814619701e-32,129.666177523842
"current_ratio_bw","between",1.7285,4520,0.565,129.600219265201,-22.9632849913535,-9.41210739134971e-17,0.435,129.600219265195,2.17726580771419e-33,129.600219265195
"current_ratio_bw","between",1.745,4580,0.5725,129.585839405013,-23.010336410531,-1.48762343755693e-16,0.4275,129.585839405006,5.41623668262514e-33,129.585839405006
"current_ratio_bw","between",1.7545,4620,0.5775,129.558428748499,-23.0432369297366,-1.94594320023031e-16,0.4225,129.558428748493,9.23929898156145e-33,129.558428748493
"current_ratio_bw","between",1.8925,5020,0.6275,129.528828403977,-23.5403662263692,-2.79693437912573e-16,0.3725,129.52882840397,1.8285404063034e-32,129.52882840397
"current_ratio_bw","between",1.7225,4500,0.5625,129.527725189717,-22.9419895238091,-8.68441121484567e-17,0.4375,129.52772518971,1.85601440756166e-33,129.52772518971
"current_ratio_bw","between",1.743,4570,0.57125,129.526270298356,-22.996606662796,-1.33272942272028e-16,0.42875,129.52627029835,4.35025102134546e-33,129.52627029835
"current_ratio_bw","between",1.6175,4110,0.51375,129.516470023936,-22.7696720207154,-1.57873201623766e-16,0.48625,129.516470023931,6.22627476385532e-33,129.516470023931
"current_ratio_bw","between",1.8575,4820,0.6025,129.512492815901,-23.2545927999162,-2.75017995913931e-16,0.3975,129.512492815895,1.81140853712124e-32,129.512492815895
"current_ratio_bw","between",2.22,5930,0.74125,129.492617385409,-25.9836389031445,-3.58012217122683e-16,0.25875,129.4926173854,2.4583332721507e-32,129.4926173854
"current_ratio_bw","between",1.8865,4970,0.62125,129.457443567904,-23.456002091758,-2.85559939909669e-16,0.37875,129.457443567896,1.91872885616208e-32,129.457443567896
"current_ratio_bw","between",2.4365,6240,0.78,129.455078964182,-27.4663471736589,-3.46989984013382e-16,0.22,129.455078964176,2.06609916093622e-32,129.455078964176
"current_ratio_bw","between",2.3485,6130,0.76625,129.367150843087,-26.875153483786,-3.20519356224922e-16,0.23375,129.367150843076,1.84005426351713e-32,129.367150843076
"current_ratio_bw","between",1.703,4460,0.5575,129.356582670453,-22.8989302145876,-9.03592324022149e-17,0.4425,129.356582670448,2.01420288023132e-33,129.356582670448
"current_ratio_bw","between",1.7255,4510,0.56375,129.326818441202,-22.9315441203561,-7.7839683814455e-17,0.43625,129.326818441195,1.49012987284164e-33,129.326818441195
"current_ratio_bw","between",2.42,6220,0.7775,129.286047947874,-27.3376150330568,-3.67387996778448e-16,0.2225,129.286047947868,2.33496480634743e-32,129.286047947868
"current_ratio_bw","between",1.7215,4490,0.56125,129.216127840856,-22.9071795315957,-8.14108603456883e-17,0.43875,129.21612784085,1.63206770904766e-33,129.21612784085
"current_ratio_bw","between",2.441,6250,0.78125,129.081459811185,-27.4829209142849,-3.37974727569547e-16,0.21875,129.081459811178,1.95212015461418e-32,129.081459811178
"current_ratio_bw","between",1.867,4870,0.60875,129.079098509676,-23.2799101298288,-3.01084857053228e-16,0.39125,129.079098509669,2.15909201649878e-32,129.079098509669
"current_ratio_bw","between",1.6265,4160,0.52,129.069975096014,-22.7399927884613,-1.54292533165855e-16,0.48,129.06997509601,5.94202397336783e-33,129.06997509601
"current_ratio_bw","between",2.4445,6260,0.7825,129.066602840499,-27.5381737541764,-3.21063240136615e-16,0.2175,129.066602840493,1.7543844769201e-32,129.066602840493
"current_ratio_bw","between",1.6135,4090,0.51125,129.060845479379,-22.7267433325618,-1.57895917312556e-16,0.48875,129.060845479375,6.2296248310293e-33,129.060845479375
"current_ratio_bw","between",1.7055,4470,0.55875,129.020640216257,-22.8759147289766,-8.67785175379641e-17,0.44125,129.020640216252,1.85663574678208e-33,129.020640216252
"current_ratio_bw","between",1.8915,5010,0.62625,128.956576281904,-23.4723880867024,-2.71758322551575e-16,0.37375,128.956576281897,1.72860054869466e-32,128.956576281897
"current_ratio_bw","between",1.888,4980,0.6225,128.937673130736,-23.4240377004703,-2.70778786386303e-16,0.3775,128.937673130729,1.72300122646624e-32,128.937673130729
"current_ratio_bw","between",1.6395,4220,0.5275,128.789277694735,-22.731480139923,-1.6857995672896e-16,0.4725,128.789277694732,7.08330843131512e-33,128.789277694732
"current_ratio_bw","between",1.8655,4860,0.6075,128.778093592045,-23.2395665775467,-3.08225918205598e-16,0.3925,128.778093592039,2.26529232409669e-32,128.778093592039
"current_ratio_bw","between",2.344,6110,0.76375,128.718540766466,-26.7090864399576,-3.13329416890617e-16,0.23625,128.718540766454,1.7714356533106e-32,128.718540766454
"current_ratio_bw","between",1.8905,5000,0.625,128.683908863157,-23.4318446666661,-2.71427325060358e-16,0.375,128.683908863149,1.72670608100206e-32,128.683908863149
"current_ratio_bw","between",2.23,5950,0.74375,128.665946244741,-25.9828258659553,-3.78849328306277e-16,0.25625,128.665946244732,2.73541923183615e-32,128.665946244732
"current_ratio_bw","between",1.7515,4610,0.57625,128.642799821064,-22.9526279474526,-1.90835686484164e-16,0.42375,128.642799821058,8.89282677363193e-33,128.642799821058
"current_ratio_bw","between",1.714,4480,0.56,128.589426610315,-22.8445326704542,-8.31946344426903e-17,0.44,128.589426610309,1.70541995009303e-33,128.589426610309
"current_ratio_bw","between",2.239,5970,0.74625,128.571863610652,-26.0572015331162,-3.97634468582533e-16,0.25375,128.571863610643,2.99404582168439e-32,128.571863610643
"current_ratio_bw","between",2.2275,5940,0.7425,128.536174255857,-25.9284072276151,-3.68394725916873e-16,0.2575,128.536174255848,2.5947797468027e-32,128.536174255848
"current_ratio_bw","between",2.4515,6270,0.78375,128.465466281535,-27.5312774935228,-3.01396519024052e-16,0.21625,128.465466281529,1.53960791191739e-32,128.465466281529
"current_ratio_bw","between",1.8895,4990,0.62375,128.3853004218,-23.3891326639986,-2.86238985030768e-16,0.37625,128.385300421793,1.9228465783235e-32,128.385300421793
"current_ratio_bw","between",1.612,4080,0.51,128.341002645792,-22.662070478191,-1.49024894509909e-16,0.49,128.341002645788,5.54988395400401e-33,128.341002645788
"current_ratio_bw","between",1.7415,4560,0.57,128.284884096687,-22.877896317829,-1.3230270951959e-16,0.43,128.28488409668,4.29023210251977e-33,128.28488409668
"current_ratio_bw","between",1.6375,4210,0.52625,128.140840478967,-22.6711274387528,-1.72128230719265e-16,0.47375,128.140840478963,7.38661632081665e-33,128.140840478963
"current_ratio_bw","between",2.246,5980,0.7475,128.026148031799,-26.0443216166089,-4.08305022186592e-16,0.2525,128.026148031789,3.14660351220076e-32,128.026148031789
"current_ratio_bw","between",1.7585,4640,0.58,127.97781623675,-22.9207437397369,-2.24013473343086e-16,0.42,127.977816236743,1.22243440278773e-32,127.977816236743
"current_ratio_bw","between",2.4285,6230,0.77875,127.933962142446,-27.2491058301813,-3.48205955307742e-16,0.22125,127.93396214244,2.08907353847766e-32,127.93396214244
"current_ratio_bw","between",1.761,4650,0.58125,127.927765646147,-22.9257480019256,-2.33289733400419e-16,0.41875,127.927765646141,1.32467408317676e-32,127.927765646141
"current_ratio_bw","between",1.757,4630,0.57875,127.900306209681,-22.9044745531333,-2.14755304238969e-16,0.42125,127.900306209675,1.12439451001095e-32,127.900306209675
"current_ratio_bw","between",1.6335,4190,0.52375,127.875773742131,-22.6419915997968,-1.75665032681512e-16,0.47625,127.875773742127,7.69714497122068e-33,127.875773742127
"current_ratio_bw","between",2.2505,5990,0.74875,127.786910873321,-26.0628396996644,-4.00167536970283e-16,0.25125,127.786910873311,3.01249693849748e-32,127.786910873311
"current_ratio_bw","between",1.6355,4200,0.525,127.756202625939,-22.6341682957391,-1.79238411915424e-16,0.475,127.756202625936,8.01152307129955e-33,127.756202625936
"current_ratio_bw","between",2.459,6280,0.785,127.723418087237,-27.509405680639,-3.18407556118833e-16,0.215,127.723418087231,1.71109785744594e-32,127.723418087231
"current_ratio_bw","between",1.6105,4070,0.50875,127.657162347553,-22.6005548011576,-1.58814970498211e-16,0.49125,127.65716234755,6.30361763929337e-33,127.65716234755
"current_ratio_bw","between",1.765,4660,0.5825,127.63773407964,-22.9093801110223,-2.37106272069004e-16,0.4175,127.637734079635,1.36722028795332e-32,127.637734079635
"current_ratio_bw","between",1.854,4810,0.60125,127.564856443739,-23.0668148449869,-2.73369021696739e-16,0.39875,127.564856443733,1.7916549863521e-32,127.564856443733
"current_ratio_bw","between",1.632,4180,0.5225,127.344131419365,-22.5922576592597,-1.7387551577626e-16,0.4775,127.34413141936,7.54286844477825e-33,127.34413141936
"current_ratio_bw","between",1.7735,4690,0.58625,127.334203471342,-22.9119528404586,-2.43121242054956e-16,0.41375,127.334203471336,1.4337276937041e-32,127.334203471336
"current_ratio_bw","between",1.769,4670,0.58375,127.29991171144,-22.8888240767531,-2.35449439052245e-16,0.41625,127.299911711434,1.34702749441398e-32,127.299911711434
"current_ratio_bw","between",1.772,4680,0.585,127.200614419153,-22.889832947173,-2.39280442963595e-16,0.415,127.200614419146,1.39001142791829e-32,127.200614419146
"current_ratio_bw","between",1.63,4170,0.52125,127.026512248724,-22.5615929460084,-1.685298406079e-16,0.47875,127.02651224872,7.08775137699721e-33,127.02651224872
"current_ratio_bw","between",1.85,4800,0.6,126.927733050429,-22.997077083333,-2.73114864057789e-16,0.4,126.927733050422,1.7902014952633e-32,126.927733050422
"current_ratio_bw","between",2.462,6290,0.78625,126.832686976366,-27.4714893872191,-3.4613847028721e-16,0.21375,126.832686976359,2.01356902569826e-32,126.832686976359
"current_ratio_bw","between",1.6095,4060,0.5075,126.752971210178,-22.5194579905476,-1.50837752375169e-16,0.4925,126.752971210174,5.68672708384896e-33,126.752971210174
"current_ratio_bw","between",1.605,4040,0.505,126.245844256136,-22.4729588708868,-1.31339195056366e-16,0.495,126.245844256133,4.3120647899096e-33,126.245844256133
"current_ratio_bw","between",1.844,4790,0.59875,126.153901843989,-22.9150103538651,-2.63622496549187e-16,0.40125,126.153901843982,1.66965025812276e-32,126.153901843982
"current_ratio_bw","between",1.608,4050,0.50625,126.078744719955,-22.4587130176588,-1.49081837323255e-16,0.49375,126.078744719951,5.55548037545768e-33,126.078744719951
"current_ratio_bw","between",1.6015,4030,0.50375,126.033974491811,-22.4536023213803,-1.22482252811269e-16,0.49625,126.033974491807,3.75026459918048e-33,126.033974491807
"current_ratio_bw","between",1.806,4720,0.59,126.015123027602,-22.8240862443155,-2.51032486791639e-16,0.41,126.015123027595,1.52438871498578e-32,126.015123027595
"current_ratio_bw","between",1.775,4700,0.5875,126.005413246514,-22.8023018052866,-2.32312199422274e-16,0.4125,126.005413246508,1.30790396654129e-32,126.005413246508
"current_ratio_bw","between",1.787,4710,0.58875,125.740319190717,-22.7886639240053,-2.39828062316229e-16,0.41125,125.74031919071,1.39263346891358e-32,125.74031919071
"current_ratio_bw","between",1.838,4780,0.5975,125.658851343375,-22.8583377556585,-2.54153043052942e-16,0.4025,125.658851343368,1.55343978039253e-32,125.658851343368
"current_ratio_bw","between",1.5925,3990,0.49875,125.610244847187,-22.415265326658,-9.15140354365239e-17,0.50125,125.610244847182,2.09369158481515e-33,125.610244847182
"current_ratio_bw","between",1.8275,4760,0.595,125.55514600133,-22.8260762786593,-2.46338436272053e-16,0.405,125.555146001323,1.46229956039458e-32,125.555146001323
"current_ratio_bw","between",1.596,4000,0.5,125.297940243165,-22.3873124999997,-1.08357767203415e-16,0.5,125.297940243161,2.93535142832738e-33,125.297940243161
"current_ratio_bw","between",1.5995,4010,0.50125,125.241555337286,-22.3823446584039,-1.06550990063013e-16,0.49875,125.241555337282,2.83826063161228e-33,125.241555337282
"current_ratio_bw","between",1.816,4730,0.59125,125.158872187475,-22.7570708083606,-2.56748342991875e-16,0.40875,125.158872187469,1.59310433084069e-32,125.158872187469
"current_ratio_bw","between",2.466,6300,0.7875,125.131877036438,-27.3450820728281,-3.63498006464014e-16,0.2125,125.13187703643,2.21112636801949e-32,125.13187703643
"current_ratio_bw","between",1.8245,4750,0.59375,124.876003601216,-22.7531221052628,-2.5349403188332e-16,0.40625,124.87600360121,1.5500027712416e-32,124.87600360121
"current_ratio_bw","between",1.832,4770,0.59625,124.765517118177,-22.7654805317025,-2.57619070183844e-16,0.40375,124.76551711817,1.59770628721963e-32,124.76551711817
"current_ratio_bw","between",2.4695,6310,0.78875,124.337514519267,-27.3170027194543,-3.59692312423574e-16,0.21125,124.337514519259,2.15575003421195e-32,124.337514519259
"current_ratio_bw","between",1.8205,4740,0.5925,124.291429942524,-22.6888565012551,-2.53281787755545e-16,0.4075,124.291429942518,1.54890183269873e-32,124.291429942518
"current_ratio_bw","between",1.5905,3980,0.4975,123.877024816074,-22.2602894697365,-9.24350390141674e-17,0.5025,123.87702481607,2.13600570790993e-33,123.87702481607
"current_ratio_bw","between",2.4715,6320,0.79,123.652467961106,-27.3009777727537,-3.45152879554352e-16,0.21,123.652467961098,1.97637516529073e-32,123.652467961098
"current_ratio_bw","between",1.587,3970,0.49625,123.539400487199,-22.2302811470643,-9.69101576777515e-17,0.50375,123.539400487194,2.34776259620674e-33,123.539400487194
"current_ratio_bw","between",2.478,6340,0.7925,122.743185239698,-27.3205858956319,-3.48114900053802e-16,0.2075,122.743185239689,1.99279487096128e-32,122.743185239689
"current_ratio_bw","between",2.506,6370,0.79625,122.736404142958,-27.5050960792046,-3.47233956671931e-16,0.20375,122.736404142949,1.95610174674626e-32,122.736404142949
"current_ratio_bw","between",1.5845,3960,0.495,122.471518230222,-22.134476872687,-1.01386823506923e-16,0.505,122.471518230218,2.56956501300647e-33,122.471518230218
"liquidity_ratio_bw","between",1.5705,5800,0.725,122.425353041864,-24.7799446708458,-1.4622924953809e-16,0.275,122.425353041855,4.26323431320678e-33,122.425353041855
"current_ratio_bw","between",2.473,6330,0.79125,122.323477431048,-27.2135253568682,-3.35869587490388e-16,0.20875,122.32347743104,1.86329478705307e-32,122.32347743104
"liquidity_ratio_bw","between",1.5725,5810,0.72625,122.029834686773,-24.7749550295107,-1.42159922855766e-16,0.27375,122.029834686763,4.01785844166197e-33,122.029834686763
"current_ratio_bw","between",2.487,6350,0.79375,121.925821115215,-27.2903431639217,-3.65901534792996e-16,0.20625,121.925821115207,2.19182642144446e-32,121.925821115207
"liquidity_ratio_bw","between",1.506,5580,0.6975,121.842989733603,-24.0306477828132,-5.01246341779282e-17,0.3025,121.842989733597,5.30117355766962e-34,121.842989733597
"current_ratio_bw","between",2.4935,6360,0.795,121.782750997566,-27.3358382037111,-3.40257215118744e-16,0.205,121.782750997556,1.88684261334682e-32,121.782750997556
"current_ratio_bw","between",1.58,3930,0.49125,121.644516451096,-22.0618930735035,-1.26377642463249e-16,0.50875,121.644516451092,3.99160432533403e-33,121.644516451092
"liquidity_ratio_bw","between",1.4355,5380,0.6725,121.454106821782,-23.4830393456113,-1.28976038176154e-16,0.3275,121.454106821777,3.66371479018642e-33,121.454106821777
"current_ratio_bw","between",1.5475,3870,0.48375,121.393004126276,-22.0473455149498,-1.19546300200367e-16,0.51625,121.393004126271,3.56905567176832e-33,121.393004126271
"current_ratio_bw","between",1.5835,3950,0.49375,121.371067726631,-22.035429192061,-9.96469840711227e-17,0.50625,121.371067726627,2.48199248668661e-33,121.371067726627
"liquidity_ratio_bw","between",1.5735,5820,0.7275,121.354458794827,-24.7416191084202,-1.29109147752241e-16,0.2725,121.354458794817,3.30455917327851e-33,121.354458794817
"current_ratio_bw","between",1.552,3880,0.485,121.342964480354,-22.0410772445197,-1.19496490017106e-16,0.515,121.342964480349,3.56663991409865e-33,121.342964480349
"current_ratio_bw","between",1.576,3920,0.49,121.252574853172,-22.0273552921166,-1.35305932124785e-16,0.51,121.252574853167,4.57509304751242e-33,121.252574853167
"current_ratio_bw","between",2.5175,6380,0.7975,121.156718359127,-27.3902433724205,-3.65280948584283e-16,0.2025,121.156718359119,2.15481387423081e-32,121.156718359119
"current_ratio_bw","between",1.5685,3910,0.48875,120.98224805541,-22.0039565842705,-1.31796904500728e-16,0.51125,120.982248055405,4.34040756470142e-33,120.982248055405
"liquidity_ratio_bw","between",1.4415,5390,0.67375,120.890904856823,-23.4515830863169,-1.13052254099889e-16,0.32625,120.890904856817,2.80936230225606e-33,120.890904856817
"current_ratio_bw","between",1.546,3860,0.4825,120.839243437379,-21.9988593401914,-1.19597622753343e-16,0.5175,120.839243437374,3.57151736720619e-33,120.839243437374
"liquidity_ratio_bw","between",1.5,5570,0.69625,120.814570563648,-23.9011561865073,-4.37241723086337e-17,0.30375,120.814570563641,4.04319501388761e-34,120.814570563641
"liquidity_ratio_bw","between",1.4265,5370,0.67125,120.789709083763,-23.3959097577726,-1.28739993807062e-16,0.32875,120.789709083759,3.65743846489787e-33,120.789709083759
"current_ratio_bw","between",1.558,3890,0.48625,120.736955116955,-21.9843882373542,-1.12337384720996e-16,0.51375,120.73695511695,3.15253609172462e-33,120.73695511695
"current_ratio_bw","between",1.561,3900,0.4875,120.723321576796,-21.9817033771104,-1.2117886431631e-16,0.5125,120.723321576792,3.66878486469187e-33,120.723321576792
"liquidity_ratio_bw","between",1.511,5590,0.69875,120.695228187178,-23.9453181585371,-2.91297257966807e-17,0.30125,120.695228187171,1.78616538865159e-34,120.695228187171
"liquidity_ratio_bw","between",1.4425,5400,0.675,120.409144584833,-23.4280514245012,-1.01115697012014e-16,0.325,120.409144584828,2.24297427997571e-33,120.409144584828
"liquidity_ratio_bw","between",1.4435,5420,0.6775,120.38682100943,-23.4730737864353,-8.52330147432701e-17,0.3225,120.386821009424,1.58728429211898e-33,120.386821009424
"liquidity_ratio_bw","between",1.5125,5600,0.7,120.313113198342,-23.9357386904758,-3.76418473111005e-17,0.3,120.313113198335,2.97550820488364e-34,120.313113198335
"liquidity_ratio_bw","between",1.449,5460,0.6825,120.268078063748,-23.5587363935274,-5.30893529747207e-17,0.3175,120.268078063742,6.10746870326534e-34,120.268078063742
"liquidity_ratio_bw","between",1.4215,5350,0.66875,120.097246122465,-23.2839513666018,-1.14744319768841e-16,0.33125,120.09724612246,2.91663493479935e-33,120.09724612246
"liquidity_ratio_bw","between",1.5815,5870,0.73375,119.870091622007,-24.7706015388177,-1.4684129335369e-16,0.26625,119.870091621997,4.21244392586173e-33,119.870091621997
"liquidity_ratio_bw","between",1.488,5540,0.6925,119.802015740027,-23.7191768806313,-2.47024704443027e-17,0.3075,119.802015740022,1.29940841381411e-34,119.802015740022
"current_ratio_bw","between",1.544,3850,0.48125,119.752068563595,-21.9016626818961,-1.17871602011087e-16,0.51875,119.752068563589,3.4685441311398e-33,119.752068563589
"liquidity_ratio_bw","between",1.531,5690,0.71125,119.69265454611,-24.1413533806549,-9.02402626925293e-17,0.28875,119.6926545461,1.6724185426824e-33,119.6926545461
"liquidity_ratio_bw","between",1.5285,5660,0.7075,119.667868339772,-24.0470950590433,-5.9560610162851e-17,0.2925,119.667868339764,7.34125975596601e-34,119.667868339764
"liquidity_ratio_bw","between",1.575,5840,0.73,119.662705637466,-24.6397386478939,-1.50102603552568e-16,0.27,119.662705637457,4.44081902303143e-33,119.662705637457
"current_ratio_bw","between",2.5225,6390,0.79875,119.624163787823,-27.2794793592463,-3.17198808554264e-16,0.20125,119.624163787815,1.61737175657613e-32,119.624163787815
"liquidity_ratio_bw","between",1.483,5530,0.69125,119.556508953441,-23.6682178108364,-1.42586088301457e-17,0.30875,119.556508953434,4.3390676389065e-35,119.556508953434
"liquidity_ratio_bw","between",1.4795,5520,0.69,119.402609255226,-23.6266156498361,-8.01395208051071e-18,0.31,119.402609255221,1.37373912382316e-35,119.402609255221
"current_ratio_bw","between",1.542,3840,0.48,119.37534152684,-21.8693070913458,-1.17925612295121e-16,0.52,119.375341526835,3.47104992878071e-33,119.375341526835
"liquidity_ratio_bw","between",1.568,5770,0.72125,119.310398263717,-24.3606457632249,-1.31808601470866e-16,0.27875,119.310398263708,3.49291652102857e-33,119.310398263708
"liquidity_ratio_bw","between",1.5255,5650,0.70625,119.238222917977,-23.9739491244582,-7.86935110476541e-17,0.29375,119.23822291797,1.28473685018865e-33,119.23822291797
"liquidity_ratio_bw","between",1.577,5860,0.7325,119.196810450318,-24.664175927402,-1.39622293504198e-16,0.2675,119.196810450309,3.81980287015353e-33,119.196810450309
"liquidity_ratio_bw","between",1.4545,5480,0.685,119.020236766818,-23.4860424921791,-8.00605735751011e-18,0.315,119.020236766812,1.38305203381936e-35,119.020236766812
"liquidity_ratio_bw","between",1.517,5620,0.7025,119.01944887959,-23.8639493256372,-9.09135169995989e-17,0.2975,119.019448879581,1.72738926488407e-33,119.019448879581
"liquidity_ratio_bw","between",1.3935,5260,0.6575,119.018135028033,-22.9894406066998,-1.41108727088657e-16,0.3425,119.01813502803,4.48398428024748e-33,119.01813502803
"liquidity_ratio_bw","between",1.4955,5550,0.69375,118.909868480089,-23.657530170987,-3.7284224450438e-17,0.30625,118.909868480083,2.95344794680603e-34,118.909868480083
"liquidity_ratio_bw","between",1.5145,5610,0.70125,118.860992674513,-23.8193157988942,-7.58719885133194e-17,0.29875,118.860992674505,1.20599004065935e-33,118.860992674505
"current_ratio_bw","between",1.5175,3740,0.4675,118.840037783755,-21.8489603700632,-9.17902549987094e-17,0.5325,118.84003778375,2.09746334565546e-33,118.84003778375
"liquidity_ratio_bw","between",1.565,5760,0.72,118.836709630857,-24.2789580853168,-1.07233446108636e-16,0.28,118.836709630848,2.31820081200969e-33,118.836709630848
"current_ratio_bw","between",1.5195,3750,0.46875,118.801378490423,-21.8419107450977,-1.02429611633495e-16,0.53125,118.801378490418,2.61271041166417e-33,118.801378490418
"liquidity_ratio_bw","between",1.4465,5450,0.68125,118.800062018478,-23.3899869400968,-5.70837175374097e-17,0.31875,118.800062018471,7.07589216447845e-34,118.800062018471
"liquidity_ratio_bw","between",1.451,5470,0.68375,118.791638118762,-23.4384559761831,-8.00439425287769e-18,0.31625,118.791638118755,1.38543073016487e-35,118.791638118755
"current_ratio_bw","between",1.4965,3660,0.4575,118.68210276433,-21.8674023444383,-6.01110100673883e-17,0.5425,118.682102764325,8.96806799139464e-34,118.682102764325
"current_ratio_bw","between",1.499,3670,0.45875,118.610122394348,-21.8561611279266,-6.72084868965022e-17,0.54125,118.610122394343,1.12155925273841e-33,118.610122394343
"liquidity_ratio_bw","between",1.4445,5440,0.68,118.52788635607,-23.3389237132349,-4.88171594651356e-17,0.32,118.527886356063,5.18565836673998e-34,118.527886356063
"current_ratio_bw","between",1.516,3730,0.46625,118.433673629499,-21.8152017567538,-8.29295911687909e-17,0.53375,118.433673629493,1.71149557885625e-33,118.433673629493
"liquidity_ratio_bw","between",1.5295,5670,0.70875,118.323476894027,-23.9417536844012,-5.96946039633441e-17,0.29125,118.323476894018,7.35578719478665e-34,118.323476894018
"current_ratio_bw","between",2.5285,6400,0.8,118.260894422305,-27.186956249999,-3.29736238313671e-16,0.2,118.260894422297,1.739615789716e-32,118.260894422297
"liquidity_ratio_bw","between",1.521,5640,0.705,118.25315917867,-23.845191218896,-8.49209177821228e-17,0.295,118.253159178662,1.49982466455035e-33,118.253159178662
"liquidity_ratio_bw","between",1.4175,5340,0.6675,118.22179560942,-23.0795488862604,-1.16042707781834e-16,0.3325,118.221795609414,2.98867456907435e-33,118.221795609414
"liquidity_ratio_bw","between",1.5915,5880,0.735,118.216526264854,-24.636130182261,-1.3358586474196e-16,0.265,118.216526264845,3.47579556924389e-33,118.216526264845
"current_ratio_bw","between",1.525,3760,0.47,118.190772761353,-21.7823595443594,-1.13063579641473e-16,0.53,118.190772761348,3.18433822459873e-33,118.190772761348
"current_ratio_bw","between",1.5125,3720,0.465,118.136386516503,-21.7915676565166,-8.29894779054544e-17,0.535,118.136386516498,1.71337647528728e-33,118.136386516498
"liquidity_ratio_bw","between",1.397,5280,0.66,118.080047445116,-22.9391242201427,-1.38609662468353e-16,0.34,118.080047445113,4.31131608604016e-33,118.080047445113
"liquidity_ratio_bw","between",1.5595,5730,0.71625,118.040749316399,-24.0999269552775,-1.12974716256926e-16,0.28375,118.04074931639,2.59395850011833e-33,118.04074931639
"current_ratio_bw","between",1.5015,3680,0.46,118.012067396292,-21.7965327093394,-5.99985260972951e-17,0.54,118.012067396287,8.94196066447794e-34,118.012067396287
"current_ratio_bw","between",1.509,3710,0.46375,117.910581229081,-21.7746296031009,-8.93005506657448e-17,0.53625,117.910581229075,1.98316797979869e-33,117.910581229075
"liquidity_ratio_bw","between",1.474,5510,0.68875,117.848691330906,-23.4464392087404,-1.21549267912226e-17,0.31125,117.848691330902,3.16720129889253e-35,117.848691330902
"liquidity_ratio_bw","between",1.5365,5700,0.7125,117.800514387084,-23.9807209000756,-1.07800877301818e-16,0.2875,117.800514387075,2.38049518933932e-33,117.800514387075
"liquidity_ratio_bw","between",1.464,5490,0.68625,117.796248888103,-23.3901326352148,4.36744604234287e-18,0.31375,117.796248888097,4.10696676429946e-36,117.796248888097
"current_ratio_bw","between",1.538,3830,0.47875,117.770674725619,-21.7240680291273,-1.1620154977001e-16,0.52125,117.770674725614,3.36960268403673e-33,117.770674725614
"current_ratio_bw","between",1.5345,3820,0.4775,117.653423807532,-21.7156308148998,-1.14478208498236e-16,0.5225,117.653423807527,3.26968051725454e-33,117.653423807527
"liquidity_ratio_bw","between",1.562,5750,0.71875,117.632685763877,-24.1228608695645,-1.09155840566044e-16,0.28125,117.632685763867,2.40859813344111e-33,117.632685763867
"current_ratio_bw","between",1.5305,3780,0.4725,117.456082766612,-21.7082901652496,-1.14717756317646e-16,0.5275,117.456082766607,3.2800885299052e-33,117.456082766607
"current_ratio_bw","between",1.505,3700,0.4625,117.396434647649,-21.7311320553108,-8.48989151904431e-17,0.5375,117.396434647644,1.79182044509654e-33,117.396434647644
"current_ratio_bw","between",2.5345,6430,0.80375,117.316778262073,-27.2718587136324,-3.61067565469955e-16,0.19625,117.316778262066,2.05640005479992e-32,117.316778262066
"liquidity_ratio_bw","between",1.3885,5240,0.655,117.231097055232,-22.7767217889146,-1.44580786231526e-16,0.345,117.231097055227,4.72369185680205e-33,117.231097055227
"current_ratio_bw","between",1.5295,3770,0.47125,117.226821632864,-21.6901533883901,-1.05870070071648e-16,0.52875,117.226821632859,2.79285343182381e-33,117.226821632859
"liquidity_ratio_bw","between",1.414,5330,0.66625,117.186063006343,-22.9566616705664,-1.11845660727294e-16,0.33375,117.186063006337,2.78161343509012e-33,117.186063006337
"current_ratio_bw","between",2.5315,6410,0.80125,117.173443030194,-27.1254533796437,-3.59130171481373e-16,0.19875,117.173443030187,2.05389844282422e-32,117.173443030187
"liquidity_ratio_bw","between",1.553,5720,0.715,117.14762234454,-23.9768037357372,-1.17050823020718e-16,0.285,117.14762234453,2.7918999132316e-33,117.14762234453
"liquidity_ratio_bw","between",1.544,5710,0.71375,117.053469899832,-23.9357112932946,-1.03718514193692e-16,0.28625,117.053469899822,2.197881077598e-33,117.053469899822
"current_ratio_bw","between",1.4955,3630,0.45375,117.036608894052,-21.7298546248838,-4.95356652531406e-17,0.54625,117.036608894047,6.08196739675917e-34,117.036608894047
"liquidity_ratio_bw","between",1.61,5910,0.73875,117.025791252143,-24.6243001724424,-1.53171750298207e-16,0.26125,117.025791252133,4.52804926353062e-33,117.025791252133
"liquidity_ratio_bw","between",1.4005,5290,0.66125,117.004190869996,-22.8548415307026,-1.38843279158251e-16,0.33875,117.004190869992,4.31812006047592e-33,117.004190869992
"liquidity_ratio_bw","between",1.5605,5740,0.7175,116.967306691343,-24.0221606025092,-1.04496733933823e-16,0.2825,116.967306691334,2.21332806525861e-33,116.967306691334
"current_ratio_bw","between",1.495,3620,0.4525,116.924116790596,-21.7245453089127,-4.06277936022671e-17,0.5475,116.924116790591,4.089301972578e-34,116.924116790591
"liquidity_ratio_bw","between",1.6,5890,0.73625,116.813876085229,-24.5266554043717,-1.63704005930358e-16,0.26375,116.813876085219,5.20398924153558e-33,116.813876085219
"liquidity_ratio_bw","between",1.406,5300,0.6625,116.804101646386,-22.8559468204053,-1.35107392313294e-16,0.3375,116.804101646382,4.08148197999472e-33,116.804101646382
"current_ratio_bw","between",1.4715,3520,0.44,116.786173128533,-21.7708488230517,-6.09901739501872e-17,0.56,116.786173128529,9.16559044872016e-34,116.786173128529
"current_ratio_bw","between",1.532,3790,0.47375,116.562771545453,-21.6226673330865,-1.25343267276929e-16,0.52625,116.562771545448,3.91690784700552e-33,116.562771545448
"liquidity_ratio_bw","between",1.372,5180,0.6475,116.539250334979,-22.5962651907225,-1.09181811159062e-16,0.3525,116.539250334975,2.72081794125558e-33,116.539250334975
"current_ratio_bw","between",1.494,3610,0.45125,116.410942849037,-21.6820843329398,-4.96459449710788e-17,0.54875,116.410942849033,6.10322402244407e-34,116.410942849033
"liquidity_ratio_bw","between",1.6115,5920,0.74,116.352271053437,-24.5914931133049,-1.49014549833264e-16,0.26,116.352271053428,4.2723066583308e-33,116.352271053428
"current_ratio_bw","between",1.476,3540,0.4425,116.295754779952,-21.7121513389575,-5.36538882707045e-17,0.5575,116.295754779948,7.10167098420355e-34,116.295754779948
"current_ratio_bw","between",1.5335,3800,0.475,116.275426395835,-21.5932251879695,-1.21718285687225e-16,0.525,116.275426395829,3.69457567949009e-33,116.275426395829
"current_ratio_bw","between",1.4825,3550,0.44375,116.205516623341,-21.6974740623514,-6.07880048982292e-17,0.55625,116.205516623338,9.12103599536937e-34,116.205516623338
"liquidity_ratio_bw","between",1.3815,5220,0.6525,116.135940414355,-22.6316208136938,-1.30410121724927e-16,0.3475,116.13594041435,3.8561855731053e-33,116.13594041435
"current_ratio_bw","between",1.46,3480,0.435,116.121360118667,-21.7363793357743,-3.05545663251533e-17,0.565,116.121360118663,2.29450998893529e-34,116.121360118663
"liquidity_ratio_bw","between",1.4125,5320,0.665,116.120006249567,-22.830756340478,-1.0567240046752e-16,0.335,116.120006249563,2.48765183953703e-33,116.120006249563
"current_ratio_bw","between",1.473,3530,0.44125,116.047305302138,-21.6953371168189,-5.0114582620518e-17,0.55875,116.047305302135,6.19199347333393e-34,116.047305302135
"liquidity_ratio_bw","between",1.3595,5160,0.645,115.979471834638,-22.5059074953596,-1.16620085984427e-16,0.355,115.979471834633,3.11411597408711e-33,115.979471834633
"liquidity_ratio_bw","between",1.385,5230,0.65375,115.756589293066,-22.6137256524769,-1.49253653194329e-16,0.34625,115.756589293061,5.04256405559802e-33,115.756589293061
"liquidity_ratio_bw","between",1.376,5190,0.64875,115.725130931104,-22.5354891147086,-1.17139989960711e-16,0.35125,115.7251309311,3.12682855011e-33,115.7251309311
"liquidity_ratio_bw","between",1.6125,5930,0.74125,115.717340971027,-24.5627331671425,-1.35572186085957e-16,0.25875,115.717340971016,3.52522030491098e-33,115.717340971016
"current_ratio_bw","between",1.47,3500,0.4375,115.690053343802,-21.6819190476188,-4.30837023905331e-17,0.5625,115.690053343798,4.56800550529647e-34,115.690053343798
"current_ratio_bw","between",2.5335,6420,0.8025,115.664036743088,-27.0142616625251,-3.55187309825423e-16,0.1975,115.664036743081,1.99952584845152e-32,115.664036743081
"liquidity_ratio_bw","between",1.3645,5170,0.64625,115.564570772798,-22.4834965997088,-1.09021016021205e-16,0.35375,115.564570772794,2.71717402873242e-33,115.564570772794
"current_ratio_bw","between",1.457,3470,0.43375,115.545013632704,-21.6896104802435,-3.78390190344727e-17,0.56625,115.5450136327,3.51663618600252e-34,115.5450136327
"liquidity_ratio_bw","between",1.6055,5900,0.7375,115.49182796146,-24.4247406779655,-1.45836172480866e-16,0.2625,115.49182796145,4.11738850368652e-33,115.49182796145
"current_ratio_bw","between",1.4925,3590,0.44875,115.458289540604,-21.6040924778452,-3.71924257432396e-17,0.55125,115.458289540601,3.42185870898766e-34,115.458289540601
"current_ratio_bw","between",1.455,3460,0.4325,115.393254271203,-21.6827429782789,-4.69431164963861e-17,0.5675,115.393254271199,5.40873638099066e-34,115.393254271199
"current_ratio_bw","between",1.4655,3490,0.43625,115.361290706332,-21.6580352289402,-3.59201046286388e-17,0.56375,115.361290706328,3.17319806575432e-34,115.361290706328
"current_ratio_bw","between",1.4885,3560,0.445,115.289604947442,-21.6057117876301,-5.35298543465386e-17,0.555,115.289604947438,7.07693354538665e-34,115.289604947438
"current_ratio_bw","between",1.491,3580,0.4475,115.281989150618,-21.5932528248943,-3.90395266860785e-17,0.5525,115.281989150614,3.76820402668583e-34,115.281989150614
"current_ratio_bw","between",2.5355,6440,0.805,115.280365845044,-27.0995717072773,-3.75499033753138e-16,0.195,115.280365845037,2.21334003347691e-32,115.280365845037
"liquidity_ratio_bw","between",1.4105,5310,0.66375,115.230680317205,-22.7222141922023,-1.15441617966974e-16,0.33625,115.230680317201,2.97434702218832e-33,115.230680317201
"liquidity_ratio_bw","between",1.6145,5970,0.74625,115.115016356196,-24.6558961556545,-8.79977549572439e-17,0.25375,115.115016356186,1.46633627923584e-33,115.115016356186
"liquidity_ratio_bw","between",1.356,5150,0.64375,115.02611464574,-22.3955724408107,-1.10641827462423e-16,0.35625,115.026114645736,2.80744201958524e-33,115.026114645736
"liquidity_ratio_bw","between",1.7675,6370,0.79625,114.965043560505,-26.6200810066349,-1.25840744747643e-16,0.20375,114.965043560494,2.5691509532737e-33,114.965043560494
"liquidity_ratio_bw","between",1.616,5980,0.7475,114.94155074492,-24.6775611278512,-8.35621221249709e-17,0.2525,114.94155074491,1.3179274415213e-33,114.94155074491
"current_ratio_bw","between",2.542,6450,0.80625,114.864484871286,-27.1167205301316,-3.48857116126877e-16,0.19375,114.864484871279,1.90110722110146e-32,114.864484871279
"liquidity_ratio_bw","between",1.378,5200,0.65,114.846414939419,-22.4681865384614,-1.17317633019731e-16,0.35,114.846414939415,3.13117964644763e-33,114.846414939415
"liquidity_ratio_bw","between",1.872,6530,0.81625,114.39007277932,-27.6165165380078,-2.57899380740045e-16,0.18375,114.39007277931,9.97587826164093e-33,114.39007277931
"liquidity_ratio_bw","between",1.614,5960,0.745,114.361608770614,-24.5353298789308,-9.70813258853697e-17,0.255,114.361608770605,1.79047330917976e-33,114.361608770605
"liquidity_ratio_bw","between",1.3525,5140,0.6425,114.312491721622,-22.3085969225326,-1.06617178208731e-16,0.3575,114.312491721617,2.61098000656566e-33,114.312491721617
"liquidity_ratio_bw","between",1.621,6000,0.75,114.304592593246,-24.6905749999993,-8.88178419700125e-17,0.25,114.304592593235,1.4791141972894e-33,114.304592593235
"liquidity_ratio_bw","between",1.623,6010,0.75125,114.20758408683,-24.7214354885904,-7.95921456782922e-17,0.24875,114.20758408682,1.18382634323408e-33,114.20758408682
"liquidity_ratio_bw","between",1.875,6540,0.8175,114.086588734509,-27.6529827196169,-2.47340072171193e-16,0.1825,114.086588734498,9.1272426492607e-33,114.086588734498
"liquidity_ratio_bw","between",1.3085,5080,0.635,114.068290385377,-22.1844758116706,-8.08375526418904e-17,0.365,114.068290385371,1.5145823910429e-33,114.068290385371
"liquidity_ratio_bw","between",1.8165,6470,0.80875,114.054916981735,-27.1549581376079,-2.17194620130768e-16,0.19125,114.054916981727,7.29648787005312e-33,114.054916981727
"liquidity_ratio_bw","between",1.6185,5990,0.74875,113.997014890932,-24.6164423043374,-8.38199526241971e-17,0.25125,113.997014890922,1.32171472335848e-33,113.997014890922
"liquidity_ratio_bw","between",1.307,5070,0.63375,113.977118095236,-22.1595549070688,-6.9255328278305e-17,0.36625,113.977118095231,1.11327380441126e-33,113.977118095231
"current_ratio_bw","between",1.453,3450,0.43125,113.966779824461,-21.5557868131865,-4.70073980625491e-17,0.56875,113.966779824457,5.41979604395473e-34,113.966779824457
"liquidity_ratio_bw","between",1.8255,6480,0.81,113.902793805816,-27.2049466374263,-2.54334132268905e-16,0.19,113.902793805808,9.95515244381076e-33,113.902793805808
"current_ratio_bw","between",2.5505,6460,0.8075,113.872542596858,-27.0659251537926,-3.73384193840884e-16,0.1925,113.87254259685,2.16713079544004e-32,113.87254259685
"liquidity_ratio_bw","between",1.7715,6380,0.7975,113.806302822242,-26.5463794457981,-1.54584774529796e-16,0.2025,113.806302822232,3.85912772857488e-33,113.806302822232
"liquidity_ratio_bw","between",1.748,6290,0.78625,113.639869889224,-26.0035099526766,-6.1522369100994e-17,0.21375,113.639869889217,6.36110967719491e-34,113.639869889217
"liquidity_ratio_bw","between",1.328,5100,0.6375,113.572977202575,-22.168862271805,-9.257713670113e-17,0.3625,113.572977202569,1.98059504822409e-33,113.572977202569
"liquidity_ratio_bw","between",1.305,5060,0.6325,113.544267167714,-22.1015976849236,-5.00652641515244e-17,0.3675,113.544267167709,5.826273894852e-34,113.544267167709
"liquidity_ratio_bw","between",1.3395,5110,0.63875,113.472592101713,-22.175636976144,-1.06173163076796e-16,0.36125,113.472592101707,2.60116727003951e-33,113.472592101707
"current_ratio_bw","between",1.45,3440,0.43,113.402585454959,-21.5099708792327,-4.70723691224179e-17,0.57,113.402585454955,5.43094524818784e-34,113.402585454955
"liquidity_ratio_bw","between",1.3175,5090,0.63625,113.390807812767,-22.1346941783294,-8.09415914263543e-17,0.36375,113.39080781276,1.51626208492947e-33,113.39080781276
"current_ratio_bw","between",2.575,6490,0.81125,113.363797958964,-27.2092366962919,-3.84690312464654e-16,0.18875,113.363797958957,2.26602224855789e-32,113.363797958957
"liquidity_ratio_bw","between",1.843,6500,0.8125,113.314099045131,-27.2727953846147,-2.48143386180835e-16,0.1875,113.314099045123,9.38058775041543e-33,113.314099045123
"liquidity_ratio_bw","between",1.3505,5130,0.64125,113.246768966086,-22.18723922951,-9.48847778509915e-17,0.35875,113.246768966082,2.07115393427808e-33,113.246768966082
"current_ratio_bw","between",2.557,6470,0.80875,113.239490642983,-27.0577129334979,-3.57966651262155e-16,0.19125,113.239490642975,1.98198733704024e-32,113.239490642975
"liquidity_ratio_bw","between",1.776,6390,0.79875,113.235997707894,-26.5410973765289,-1.8014450156816e-16,0.20125,113.235997707885,5.21661495600768e-33,113.235997707885
"liquidity_ratio_bw","between",1.6135,5950,0.74375,113.173869983988,-24.368436031973,-1.03777977762379e-16,0.25625,113.173869983978,2.0525855169282e-33,113.173869983978
"liquidity_ratio_bw","between",1.625,6020,0.7525,112.99515804273,-24.6313980838277,-8.46122654399381e-17,0.2475,112.995158042721,1.33336285973949e-33,112.995158042721
"liquidity_ratio_bw","between",1.833,6490,0.81125,112.940953319698,-27.1584443412681,-2.49801823234347e-16,0.18875,112.940953319689,9.5550481037298e-33,112.940953319689
"liquidity_ratio_bw","between",1.302,5050,0.63125,112.894048166294,-22.0226112770597,-4.81008457133117e-17,0.36875,112.894048166289,5.38565890793872e-34,112.894048166289
"liquidity_ratio_bw","between",1.8585,6510,0.81375,112.805831354377,-27.2817442757134,-2.37682658039856e-16,0.18625,112.805831354367,8.56213900381953e-33,112.805831354367
"current_ratio_bw","between",1.4475,3430,0.42875,112.745901425838,-21.4553304859296,-4.35116823532941e-17,0.57125,112.745901425833,4.63705339580922e-34,112.745901425833
"liquidity_ratio_bw","between",1.7395,6280,0.785,112.722192873387,-25.8434598948299,-5.0756811482789e-17,0.215,112.72219287338,4.34807253980817e-34,112.72219287338
"liquidity_ratio_bw","between",1.2985,5040,0.63,112.695567500005,-21.9878254504503,-6.23363318159333e-17,0.37,112.695567500001,9.05784237400437e-34,112.695567500001
"liquidity_ratio_bw","between",1.2965,5030,0.62875,112.270078381345,-21.9310680630023,-5.4654206589549e-17,0.37125,112.270078381341,6.97255018078943e-34,112.270078381341
"liquidity_ratio_bw","between",1.7315,6270,0.78375,112.208352001774,-25.7303537443183,-4.27029168572254e-17,0.21625,112.208352001767,3.09064235306802e-34,112.208352001767
"liquidity_ratio_bw","between",1.812,6450,0.80625,112.176320004091,-26.7975367341829,-2.33578264673725e-16,0.19375,112.176320004082,8.52268219164951e-33,112.176320004082
"current_ratio_bw","between",1.4465,3400,0.425,112.008169524318,-21.4090039641941,-3.64357592122507e-17,0.575,112.008169524313,3.24423586753054e-34,112.008169524313
"liquidity_ratio_bw","between",1.6285,6030,0.75375,111.822014469922,-24.5449342879505,-7.05273076019845e-17,0.24625,111.822014469913,9.23247571654739e-34,111.822014469913
"liquidity_ratio_bw","between",1.8675,6520,0.815,111.771427855088,-27.2270589039951,-2.50681032335194e-16,0.185,111.771427855078,9.47484875537456e-33,111.771427855078
"liquidity_ratio_bw","between",1.724,6260,0.7825,111.717835328044,-25.6206092137633,-3.47169442888184e-17,0.2175,111.717835328037,2.05128777858267e-34,111.717835328037
"current_ratio_bw","between",1.432,3330,0.41625,111.633033834928,-21.4341267112936,-3.86955677035855e-17,0.58375,111.633033834925,3.6383425481475e-34,111.633033834925
"liquidity_ratio_bw","between",1.784,6400,0.8,111.486634030413,-26.3968078124993,-2.19824158875781e-16,0.2,111.486634030404,7.73162573207114e-33,111.486634030404
"liquidity_ratio_bw","between",1.8055,6440,0.805,111.393536182919,-26.6388056617289,-2.3529160428877e-16,0.195,111.39353618291,8.69047177718275e-33,111.39353618291
"liquidity_ratio_bw","between",1.7555,6320,0.79,111.119401291977,-25.880445825798,-1.2115417503203e-16,0.21,111.119401291969,2.43513563178408e-33,111.119401291969
"current_ratio_bw","between",2.563,6480,0.81,111.019728599432,-26.8584391650413,-3.82799704864908e-16,0.19,111.019728599424,2.25518310014732e-32,111.019728599424
"current_ratio_bw","between",2.612,6520,0.815,111.012133886381,-27.1344208671853,-3.78746022182852e-16,0.185,111.012133886374,2.16284550236225e-32,111.012133886374
"liquidity_ratio_bw","between",1.285,5000,0.625,110.969519694608,-21.7593646666665,-7.24753590475302e-17,0.375,110.969519694603,1.23109632868791e-33,110.969519694603
"liquidity_ratio_bw","between",1.2335,4770,0.59625,110.91028188487,-21.4642363001469,-1.92265427327911e-17,0.40375,110.910281884863,8.89904335255111e-35,110.910281884863
"current_ratio_bw","between",1.44,3360,0.42,110.878904965136,-21.3346647167486,-3.48562631048161e-17,0.58,110.878904965132,2.95964031311195e-34,110.878904965132
"current_ratio_bw","between",1.4295,3320,0.415,110.873326990729,-21.370346231078,-3.4188146770045e-17,0.585,110.873326990726,2.8376255262514e-34,110.873326990726
"liquidity_ratio_bw","between",1.7585,6340,0.7925,110.867297247707,-25.9652820303288,-1.19486007159384e-16,0.2075,110.867297247699,2.34774794572655e-33,110.867297247699
"liquidity_ratio_bw","between",1.2935,5010,0.62625,110.846307339565,-21.7618666546504,-4.97904999183824e-17,0.37375,110.84630733956,5.80259038200093e-34,110.84630733956
"liquidity_ratio_bw","between",1.2325,4760,0.595,110.79808323535,-21.4427325708057,-1.00068654818377e-17,0.405,110.798083235343,2.41305995480351e-35,110.798083235343
"liquidity_ratio_bw","between",1.231,4740,0.5925,110.790132285784,-21.4211388651598,-1.73722558029928e-17,0.4075,110.790132285778,7.28665821278027e-35,110.790132285778
"liquidity_ratio_bw","between",1.2355,4780,0.5975,110.784330300472,-21.4628441097738,-2.29252009263797e-17,0.4025,110.784330300466,1.26395058642094e-34,110.784330300466
"liquidity_ratio_bw","between",1.7625,6350,0.79375,110.782544098515,-26.0133820567877,-1.28138439438674e-16,0.20625,110.782544098508,2.68804513447324e-33,110.782544098508
"current_ratio_bw","between",2.594,6510,0.81375,110.779319848231,-27.0355809132044,-3.88553679243322e-16,0.18625,110.779319848224,2.28817551662969e-32,110.779319848224
"current_ratio_bw","between",1.4335,3340,0.4175,110.7561847334,-21.340657153504,-4.04566171796279e-17,0.5825,110.756184733397,3.98044421252422e-34,110.756184733397
"current_ratio_bw","between",2.633,6540,0.8175,110.578068390352,-27.2244543797905,-3.76702844137738e-16,0.1825,110.578068390346,2.11713439845391e-32,110.578068390346
"liquidity_ratio_bw","between",1.7945,6410,0.80125,110.544333208178,-26.3469685043998,-2.4872725579836e-16,0.19875,110.544333208169,9.85194404403489e-33,110.544333208169
"liquidity_ratio_bw","between",1.757,6330,0.79125,110.511176835182,-25.8662218595977,-1.37798683446546e-16,0.20875,110.511176835175,3.13639204534159e-33,110.511176835175
"liquidity_ratio_bw","between",1.88,6570,0.82125,110.459215135385,-27.4309128268982,-2.39207205770627e-16,0.17875,110.459215135376,8.399819408166e-33,110.459215135376
"current_ratio_bw","between",1.427,3310,0.41375,110.452747394897,-21.3391850823567,-3.33349399605821e-17,0.58625,110.452747394893,2.69538133738001e-34,110.452747394893
"liquidity_ratio_bw","between",1.8965,6600,0.825,110.375272912939,-27.6496664502158,-2.0931789250422e-16,0.175,110.375272912932,6.32564338017268e-33,110.375272912932
"current_ratio_bw","between",1.4255,3300,0.4125,110.290652682956,-21.3330740812377,-4.34755033034388e-17,0.5875,110.290652682953,4.58058620311379e-34,110.290652682953
"liquidity_ratio_bw","between",1.229,4730,0.59125,110.230032644391,-21.3567669375639,-1.7828916587369e-17,0.40875,110.230032644385,7.68208000274429e-35,110.230032644385
"liquidity_ratio_bw","between",1.715,6240,0.78,110.105833425475,-25.330660984848,-2.67074629700038e-17,0.22,110.105833425468,1.22400320035271e-34,110.105833425468
"current_ratio_bw","between",1.436,3350,0.41875,110.071409153487,-21.2656357246026,-3.3092521572393e-17,0.58125,110.071409153484,2.66549275993135e-34,110.071409153484
"current_ratio_bw","between",2.6535,6550,0.81875,109.986564945917,-27.2242017899439,-3.54728968845119e-16,0.18125,109.986564945911,1.86733673610454e-32,109.986564945911
"liquidity_ratio_bw","between",1.8895,6580,0.8225,109.882535491152,-27.434509760691,-2.16168155814853e-16,0.1775,109.882535491144,6.82209399770818e-33,109.882535491144
"current_ratio_bw","between",2.6255,6530,0.81625,109.862487525925,-27.0644647831558,-3.51078032465187e-16,0.18375,109.862487525918,1.84866344474692e-32,109.862487525918
"liquidity_ratio_bw","between",1.6875,6180,0.7725,109.806309903595,-24.9961834880325,-5.97614982777708e-18,0.2275,109.806309903588,6.27657674398776e-36,109.806309903588
"liquidity_ratio_bw","between",1.2375,4790,0.59875,109.661748542353,-21.3647245169385,-1.55409128594828e-17,0.40125,109.661748542346,5.80247960196186e-35,109.661748542346
"liquidity_ratio_bw","between",1.2775,4980,0.6225,109.626316593788,-21.5987817096198,-7.23128747675742e-17,0.3775,109.626316593784,1.22881800423135e-33,109.626316593784
"liquidity_ratio_bw","between",1.6325,6040,0.755,109.611203670209,-24.3428237937554,-8.99582251281624e-17,0.245,109.611203670201,1.49690690756199e-33,109.611203670201
"liquidity_ratio_bw","between",1.8955,6590,0.82375,109.599256469095,-27.4752420602883,-1.86760352946856e-16,0.17625,109.599256469087,5.06400266167114e-33,109.599256469087
"liquidity_ratio_bw","between",1.215,4690,0.58625,109.54448563942,-21.2512670591794,-1.1868392052422e-17,0.41375,109.544485639413,3.41668255820274e-35,109.544485639413
"liquidity_ratio_bw","between",1.212,4670,0.58375,109.508762360047,-21.2292115734575,-1.41595895989387e-17,0.41625,109.50876236004,4.87172171127602e-35,109.50876236004
"liquidity_ratio_bw","between",1.7055,6230,0.77875,109.473559947065,-25.2065815037493,-8.57643787846935e-18,0.22125,109.473559947057,1.26734609653875e-35,109.473559947057
"current_ratio_bw","between",1.4445,3380,0.4225,109.352115662211,-21.1701650528956,-3.6556394497148e-17,0.5775,109.352115662207,3.26065922473625e-34,109.352115662207
"liquidity_ratio_bw","between",1.7995,6420,0.8025,109.309414113921,-26.2616925549108,-2.49890586729621e-16,0.1975,109.309414113914,9.8971906126094e-33,109.309414113914
"liquidity_ratio_bw","between",1.2435,4820,0.6025,109.294428028103,-21.3624922753722,-4.1508126882199e-17,0.3975,109.294428028097,4.12629672767129e-34,109.294428028097
"liquidity_ratio_bw","between",1.2745,4970,0.62125,109.207058438605,-21.5434787669912,-6.84587030642156e-17,0.37875,109.2070584386,1.1027482513345e-33,109.2070584386
"liquidity_ratio_bw","between",1.261,4890,0.61125,109.201065823568,-21.4372366138648,-7.35076431441136e-17,0.38875,109.201065823561,1.28396820907188e-33,109.201065823561
"liquidity_ratio_bw","between",1.24,4800,0.6,109.115111164722,-21.322436458333,-1.92438657601694e-17,0.4,109.115111164716,8.88783286549007e-35,109.115111164716
"current_ratio_bw","between",1.4205,3250,0.40625,109.113388850387,-21.2686793522265,-2.54299505429931e-17,0.59375,109.113388850384,1.55986864258702e-34,109.113388850384
"liquidity_ratio_bw","between",1.8985,6610,0.82625,109.097173213488,-27.56694285963,-1.79547782367486e-16,0.17375,109.097173213482,4.62803224990474e-33,109.097173213482
"liquidity_ratio_bw","between",1.2135,4680,0.585,109.014363024642,-21.1904353568115,-8.21320379868924e-18,0.415,109.014363024636,1.63768043819855e-35,109.014363024636
"liquidity_ratio_bw","between",1.6365,6050,0.75625,108.927814462814,-24.3088486119936,-7.57972479723743e-17,0.24375,108.927814462806,1.05905103101859e-33,108.927814462806
"liquidity_ratio_bw","between",1.8005,6430,0.80375,108.761926820767,-26.2586939109066,-2.34177644218228e-16,0.19625,108.761926820759,8.65010774207492e-33,108.761926820759
"current_ratio_bw","between",1.4425,3370,0.42125,108.658706963653,-21.1113889611677,-4.02606426085524e-17,0.57875,108.658706963649,3.95177603198751e-34,108.658706963649
"current_ratio_bw","between",2.7105,6600,0.825,108.655441661194,-27.4334067099557,-3.79725111383482e-16,0.175,108.655441661186,2.08175987560692e-32,108.655441661186
"liquidity_ratio_bw","between",1.246,4830,0.60375,108.655430084656,-21.3114258871012,-4.52514986930837e-17,0.39625,108.65543008465,4.89882982797351e-34,108.65543008465
"liquidity_ratio_bw","between",1.722,6250,0.78125,108.616575990621,-25.2103577142853,-5.53817309472444e-17,0.21875,108.616575990614,5.24168770971454e-34,108.616575990614
"liquidity_ratio_bw","between",1.9065,6640,0.83,108.599721736087,-27.7428356661938,-1.85755812653088e-16,0.17,108.599721736083,4.86868681494512e-33,108.599721736083
"liquidity_ratio_bw","between",1.6865,6170,0.77125,108.592053229171,-24.8096639919933,-8.48918307817994e-18,0.22875,108.592053229165,1.27141719069187e-35,108.592053229165
"liquidity_ratio_bw","between",1.2725,4960,0.62,108.577401617841,-21.4675300297112,-5.70756420808994e-17,0.38,108.577401617835,7.67497373303897e-34,108.577401617835
"liquidity_ratio_bw","between",1.2625,4900,0.6125,108.54661926126,-21.3854922317311,-7.54513122304833e-17,0.3875,108.546619261254,1.35117435715337e-33,108.546619261254
"liquidity_ratio_bw","between",1.6885,6190,0.77375,108.506479392608,-24.8962084363476,-8.51720288583274e-18,0.22625,108.506479392601,1.26994009482499e-35,108.506479392601
"liquidity_ratio_bw","between",1.682,6160,0.77,108.409808901785,-24.7414420525122,-2.35209304821772e-17,0.23,108.409808901778,9.7977771639367e-35,108.409808901778
"liquidity_ratio_bw","between",1.672,6140,0.7675,108.392475679524,-24.6461392070325,-5.3245286790611e-17,0.2325,108.392475679515,5.05898838769668e-34,108.392475679515
"current_ratio_bw","between",2.702,6590,0.82375,108.381179236699,-27.322136667419,-3.50128824484204e-16,0.17625,108.381179236691,1.77983722056776e-32,108.381179236691
"liquidity_ratio_bw","between",1.6405,6070,0.75875,108.370688521636,-24.3317252178806,-8.11461384173791e-17,0.24125,108.370688521629,1.20531827395144e-33,108.370688521629
"liquidity_ratio_bw","between",1.207,4650,0.58125,108.36153881909,-21.0998170117153,-9.3507469639429e-19,0.41875,108.361538819084,2.1281899882467e-37,108.361538819084
"current_ratio_bw","between",2.676,6560,0.82,108.353505221898,-27.0943230013541,-3.50577742084887e-16,0.18,108.353505221892,1.81407415790118e-32,108.353505221892
"liquidity_ratio_bw","between",1.258,4870,0.60875,108.348252745256,-21.3286954818897,-4.91265549145233e-17,0.39125,108.348252745249,5.74812155922545e-34,108.348252745249
"liquidity_ratio_bw","between",1.659,6120,0.765,108.342660497577,-24.549073112223,-3.80665538800693e-17,0.235,108.342660497568,2.60505215306792e-34,108.342660497568
"liquidity_ratio_bw","between",1.2525,4850,0.60625,108.267044301843,-21.2966837178854,-3.78816598446475e-17,0.39375,108.267044301836,3.42555005955096e-34,108.267044301836
"liquidity_ratio_bw","between",1.2025,4630,0.57875,108.217672584992,-21.0685009325066,2.68222129809268e-18,0.42125,108.217672584986,1.75396180310437e-36,108.217672584986
"liquidity_ratio_bw","between",1.9025,6630,0.82875,108.193953629285,-27.6105103874224,-2.12863211709307e-16,0.17125,108.193953629279,6.43065695562712e-33,108.193953629279
"liquidity_ratio_bw","between",1.249,4840,0.605,108.152652463213,-21.2736667799975,-4.52869716248395e-17,0.395,108.152652463206,4.90116169203842e-34,108.152652463206
"liquidity_ratio_bw","between",1.6765,6150,0.76875,108.077129344633,-24.6566156449126,-3.34428156448722e-17,0.23125,108.077129344624,1.98825708983875e-34,108.077129344624
"liquidity_ratio_bw","between",1.9,6620,0.8275,108.052070744366,-27.51300304304,-2.11663273468359e-16,0.1725,108.05207074436,6.3951114672366e-33,108.05207074436
"liquidity_ratio_bw","between",1.6985,6210,0.77625,108.045059981883,-24.9413598808908,-1.87736846762513e-17,0.22375,108.045059981876,6.12158234038484e-35,108.045059981876
"liquidity_ratio_bw","between",1.204,4640,0.58,108.037912716542,-21.0595676313625,9.9901841953134e-18,0.42,108.037912716535,2.43122008704321e-35,108.037912716535
"current_ratio_bw","between",1.4195,3240,0.405,108.026792152242,-21.1728707075421,-2.98639512215801e-17,0.595,108.026792152239,2.14914899008581e-34,108.026792152239
"current_ratio_bw","between",1.4215,3260,0.4075,108.002199920231,-21.1498999378735,-2.53732418001361e-17,0.5925,108.002199920228,1.55441824138015e-34,108.002199920228
"current_ratio_bw","between",1.4235,3280,0.41,107.985131429331,-21.1282752687059,-4.45374296443262e-17,0.59,107.985131429328,4.79828640452309e-34,107.985131429328
"liquidity_ratio_bw","between",1.2245,4710,0.58875,107.939202600072,-21.1140325699052,-1.36964690770812e-17,0.41125,107.939202600066,4.54207262170952e-35,107.939202600066
"liquidity_ratio_bw","between",1.692,6200,0.775,107.933627728763,-24.8791922939063,-2.89055915802048e-17,0.225,107.933627728756,1.45696106039905e-34,107.933627728756
"liquidity_ratio_bw","between",1.6425,6080,0.76,107.901984602004,-24.3221688596485,-5.21999597543056e-17,0.24,107.901984601996,4.97010049619245e-34,107.901984601996
"liquidity_ratio_bw","between",1.21,4660,0.5825,107.803215320673,-21.0542440312505,-1.55307392964448e-17,0.4175,107.803215320667,5.86592719803495e-35,107.803215320667
"liquidity_ratio_bw","between",1.255,4860,0.6075,107.716979666707,-21.2544128463208,-4.16350367170377e-17,0.3925,107.7169796667,4.13336585318448e-34,107.7169796667
"liquidity_ratio_bw","between",1.2185,4700,0.5875,107.517489461912,-21.0631657640228,-1.91951906049956e-17,0.4125,107.517489461905,8.92928493755681e-35,107.517489461905
"current_ratio_bw","between",2.693,6580,0.8225,107.475115452783,-27.1323136050335,-3.60412072633826e-16,0.1775,107.475115452776,1.89641300112426e-32,107.475115452776
"liquidity_ratio_bw","between",1.2645,4910,0.61375,107.465472131252,-21.2914126312457,-6.05407756785295e-17,0.38625,107.465472131247,8.68872315425263e-34,107.465472131247
"liquidity_ratio_bw","between",1.655,6110,0.76375,107.246216864994,-24.379762493613,-3.54843734109968e-17,0.23625,107.246216864986,2.27194242820271e-34,107.246216864986
"liquidity_ratio_bw","between",1.271,4950,0.61875,107.197480551283,-21.3171802285144,-5.70175541893268e-17,0.38125,107.197480551277,7.6690617079455e-34,107.197480551277
"liquidity_ratio_bw","between",1.6645,6130,0.76625,107.126164483637,-24.4560731303044,-5.30655438829132e-17,0.23375,107.126164483627,5.04367793287685e-34,107.126164483627
"liquidity_ratio_bw","between",1.6515,6100,0.7625,107.09699868335,-24.3185075927518,-1.82080407696937e-17,0.2375,107.096998683341,6.00385087046076e-35,107.096998683341
"liquidity_ratio_bw","between",1.199,4620,0.5775,106.822802480625,-20.9238998565533,-9.73745135970833e-19,0.4225,106.822802480618,2.31349893795317e-37,106.822802480618
"current_ratio_bw","between",1.4185,3230,0.40375,106.598526125673,-21.0428779523724,-3.01564794746273e-17,0.59625,106.59852612567,2.18928452349707e-34,106.59852612567
"liquidity_ratio_bw","between",1.268,4930,0.61625,106.402351978097,-21.2115767916959,-6.62934104939404e-17,0.38375,106.402351978091,1.03931224691426e-33,106.402351978091
"liquidity_ratio_bw","between",1.9145,6650,0.83125,106.382376657231,-27.5389339459757,-2.24817225388645e-16,0.16875,106.382376657226,7.08981016913021e-33,106.382376657226
"current_ratio_bw","between",2.685,6570,0.82125,106.280624618243,-26.9070652893521,-3.58489385081207e-16,0.17875,106.280624618236,1.88657482327707e-32,106.280624618236
"liquidity_ratio_bw","between",1.647,6090,0.76125,106.181978788296,-24.170746541837,-1.8160778148151e-17,0.23875,106.181978788288,5.994315425634e-35,106.181978788288
"current_ratio_bw","between",1.4165,3210,0.40125,106.128709049959,-21.0177467530354,-4.96911792976564e-17,0.59875,106.128709049956,5.93224637177258e-34,106.128709049956
"liquidity_ratio_bw","between",1.194,4610,0.57625,106.094996311359,-20.8442909348021,8.32033226755344e-19,0.42375,106.094996311352,1.69044867544241e-37,106.094996311352
"liquidity_ratio_bw","between",1.1905,4590,0.57375,105.849710445837,-20.8042130156718,-1.19075230221171e-17,0.42625,105.84971044583,3.46760763292465e-35,105.84971044583
"current_ratio_bw","between",2.7245,6610,0.82625,105.730478432304,-27.1382573058033,-3.57077131207905e-16,0.17375,105.730478432296,1.8304604919875e-32,105.730478432296
"current_ratio_bw","between",1.4175,3220,0.4025,105.71174205311,-20.9657169235165,-3.02191633636894e-17,0.5975,105.711742053107,2.19618371687059e-34,105.711742053107
"liquidity_ratio_bw","between",1.1915,4600,0.575,105.544671858179,-20.7821162404088,-1.00857089091267e-17,0.425,105.544671858173,2.48581974762867e-35,105.544671858173
"liquidity_ratio_bw","between",1.1825,4570,0.57125,105.386658587554,-20.7432902565211,-3.18620288843946e-17,0.42875,105.386658587548,2.4864355133537e-34,105.386658587548
"liquidity_ratio_bw","between",1.983,6730,0.84125,104.837424941114,-28.0181055445705,-2.42589270889723e-16,0.15875,104.837424941111,7.85926603112163e-33,104.837424941111
"current_ratio_bw","between",2.7605,6640,0.83,104.798343493734,-27.2529614634999,-3.15929658998932e-16,0.17,104.798343493726,1.40834096253041e-32,104.798343493726
"liquidity_ratio_bw","between",1.9215,6660,0.8325,104.763687169913,-27.4097996279857,-2.45239314092629e-16,0.1675,104.763687169907,8.38647079857276e-33,104.763687169907
"liquidity_ratio_bw","between",1.9905,6740,0.8425,104.737349817164,-28.0947748810698,-2.50820146632475e-16,0.1575,104.73734981716,8.34786279629665e-33,104.73734981716
"liquidity_ratio_bw","between",1.1865,4580,0.5725,104.716934943448,-20.6848633392064,-1.37267442887335e-17,0.4275,104.716934943442,4.61154761241063e-35,104.716934943442
"liquidity_ratio_bw","between",1.9975,6770,0.84625,104.652491980279,-28.3607612614233,-2.83027608680414e-16,0.15375,104.652491980275,1.04224881528843e-32,104.652491980275
"current_ratio_bw","between",1.4145,3180,0.3975,104.54998891675,-20.8936782927527,-5.1799398010017e-17,0.6025,104.549988916747,6.42604273530722e-34,104.549988916747
"liquidity_ratio_bw","between",1.9965,6750,0.84375,104.374424620677,-28.137152296296,-2.65900881560002e-16,0.15625,104.374424620672,9.32123304681849e-33,104.374424620672
"liquidity_ratio_bw","between",1.997,6760,0.845,104.255969026139,-28.2134542374496,-2.60842014993436e-16,0.155,104.255969026135,8.91134997502488e-33,104.255969026135
"current_ratio_bw","between",2.736,6620,0.8275,104.219648106091,-27.0206785104415,-3.40400339039325e-16,0.1725,104.219648106082,1.65400595868393e-32,104.219648106082
"current_ratio_bw","between",2.7475,6630,0.82875,104.049970469881,-27.0765869471865,-3.36054930425935e-16,0.17125,104.049970469873,1.6027827683027e-32,104.049970469873
"liquidity_ratio_bw","between",1.9635,6720,0.84,103.996358030409,-27.8169449404759,-2.08034647709523e-16,0.16,103.996358030405,5.81661892864087e-33,103.996358030405
"liquidity_ratio_bw","between",1.925,6670,0.83375,103.800051182417,-27.3652886451507,-2.5950416629157e-16,0.16625,103.800051182413,9.33439490555863e-33,103.800051182413
"liquidity_ratio_bw","between",1.175,4510,0.56375,103.79730072187,-20.543859319309,-8.33787020850771e-18,0.43625,103.797300721862,1.70974859549242e-35,103.797300721862
"current_ratio_bw","between",2.7655,6650,0.83125,103.79484311287,-27.2019581732096,-2.92408815067189e-16,0.16875,103.794843112861,1.19937878214152e-32,103.794843112861
"current_ratio_bw","between",1.4155,3190,0.39875,103.794702590417,-20.8070112357352,-5.54165819566155e-17,0.60125,103.794702590414,7.36266865558407e-34,103.794702590414
"liquidity_ratio_bw","between",1.945,6710,0.83875,103.76383871651,-27.6985405677049,-2.00187221397909e-16,0.16125,103.763838716506,5.42007080132167e-33,103.763838716506
"current_ratio_bw","between",1.413,3170,0.39625,103.50396361708,-20.8000932068889,-5.09595638548612e-17,0.60375,103.503963617076,6.21266339140537e-34,103.503963617076
"liquidity_ratio_bw","between",2.003,6780,0.8475,103.417233825147,-28.287312176604,-2.43668156615056e-16,0.1525,103.417233825143,7.67374045478629e-33,103.417233825143
"liquidity_ratio_bw","between",1.943,6700,0.8375,103.378628971147,-27.5610839265208,-2.15283843819851e-16,0.1625,103.378628971142,6.30755518749679e-33,103.378628971142
