"key","value"
"n_obs","8000"
"n_firms","800"
"n_countries","15"
"year_min","2013"
"year_max","2022"
"icc_solv","0.839"
"icc_solv_poolwide","0.826"
"n_firms_pool","227{,}844"
"between_fidelity","0.655"
"within_fidelity","0.477"
"panel_r2","0.455"
"panel_cor2","0.456"
"within_signal","0.349"
"between_leaves","12"
"within_leaves","47"
"between_vars","liquidity_ratio, current_ratio, cf_margin, firm_age, icover, ebitda_margin"
"within_vars","current_ratio, icover, cf_margin, firm_age, liquidity_ratio, roa_pbt, stock_turnover, wc_gap, rev_per_emp, ln_assets, ebitda_margin"
"within_oob_r2","0.335"
"gap_bound","0.054"
"decomp_r2_within","0.286"
"decomp_r2_between","0.488"
"between_root_thr","5.8"
"between_low_leaf","15"
"within_low_leaf_abs","10"
"sigma_w2_solv","91"
"delta_b_solv","143"
"c_b_solv","3.6"
"icc_star_solv","0.768"
"pooled_r2_vs_y","0.280"
"pooled_cor2_vs_y","0.280"
"pooled_fid_vs_ens","0.372"
"pooled_leaves","14"
"pooled_r2_within","-0.120"
"pooled_r2_between","0.356"
"matched_r2_vs_y","0.282"
"matched_leaves","18"
"matched_r2_within","-0.119"
"matched_r2_between","0.359"
"decomp_leaves_total","59"
"aug_r2_vs_y","0.052"
"aug_r2_within","0.001"
"aug_r2_between","0.062"
"aug_splits_bw","4"
"aug_splits_wn","3"
"aug_leaves","13"
"aug_top10_bw","100"
"ens_root_bw_share","0.780"
"ens_share_bw","0.387"
"prox_between_real","0.206"
"prox_between_range","0.22-0.25"
"prox_icc_range","0.29-0.93"
"pooledtarget_r2","0.582"
"pooledtarget_within_fid","0.666"
"bridge_r2","0.563"
"icc_pooled_preds","0.843"
"twoway_r2","0.453"
"twoway_within_fid","0.427"
"twoway_trend_cor","0.998"
"oot_n","1600"
"oot_r2","0.436"
"oot_cor2","0.437"
"oot_train_max","2020"
"oot_test_min","2021"
"oot_r2_within","0.049"
"oot_r2_between","0.447"
"icc_sim","0.61"
"sim_pooled_vars","A, B, Z2"
"sim_between_vars","A"
"sim_within_vars","B, Z2"
"sim_pooled_fid","0.865"
"sim_between_fid","0.980"
"sim_within_fid","0.957"
"sim_inter_r2_g0","0.957"
"sim_inter_r2_g05","0.868"
"sim_inter_r2_g1","0.696"
"vimp_top1","icover (19.2+-2.3%)"
"vimp_top2","current_ratio (15.4+-2.9%)"
"vimp_top3","liquidity_ratio (12.5+-3.4%)"
"reduced_within_fid","0.480"
"shap_icc_mean","0.93"
"shap_icc_min","0.86"
"shap_raw_top1","33"
"shap_raw_top2","18"
"shap_raw_top3","15"
"shap_wn_top1","33"
"shap_wn_top2","16"
"shap_wn_top3","12"
"shap_sim_raw","18.7"
"shap_sim_aug","19.1"
"shap_sim_sep","88.7"
"c_b_sim","9.2"
"icc_star_sim","0.565"
