"Variable","mean_rel","sd_rel","n_seeds"
"icover",19.2124695562897,2.32774480768393,5
"current_ratio",15.3921474086694,2.90224459907142,5
"liquidity_ratio",12.5187490559461,3.4437261769588,5
"roa_pbt",10.9742569280087,2.85310653499692,5
"firm_age",10.561011231807,2.76258525258852,5
"stock_turnover",8.0627873659498,4.24590382785168,5
"cf_margin",8.00138040646339,2.10563848017565,5
"rev_per_emp",6.06749472007623,2.58466552521288,5
"ebitda_margin",4.15637519062435,1.0146834846924,4
"wc_gap",3.75854704295357,2.92912091484245,3
"ln_assets",3.62947494851809,2.03517921753031,5
